Lawrence,Lawrence,MA,Massachusetts,Essex,25009,01843 01840 01841 01842,42.7070354,-71.1631137,76377,polygon,1840000408
Lynn,Lynn,MA,Massachusetts,Essex,25009,01905 01904 01902 01901 01903 01910,42.466763,-70.9494939,90329,polygon,1840000409
Salem,Salem,MA,Massachusetts,Essex,25009,01970 01971,42.51954,-70.8967155,41340,polygon,1840000410
Beverly,Beverly,MA,Massachusetts,Essex,25009,01915 01965,42.5584284,-70.8800491,39502,polygon,1840000411
Gloucester,Gloucester,MA,Massachusetts,Essex,25009,01930 01931,42.6159286,-70.6619888,28789,polygon,1840000412
Newburyport,Newburyport,MA,Massachusetts,Essex,25009,01950,42.8125913,-70.8772751,17416,polygon,1840000413
Peabody,Peabody,MA,Massachusetts,Essex,25009,01960 01961,42.5278731,-70.9286609,51251,polygon,1840000414
North Adams,North Adams,MA,Massachusetts,Berkshire,25003,01247,42.700915,-73.1087148,13708,polygon,1840000423
Everett,Everett,MA,Massachusetts,Middlesex,25017,02149,42.40843,-71.0536625,41667,polygon,1840000425
Lowell,Lowell,MA,Massachusetts,Middlesex,25017,01851 01850 01852 01854 01853,42.6334247,-71.3161718,106519,polygon,1840000426
Marlborough,Marlborough,MA,Massachusetts,Middlesex,25017,01752,42.3459271,-71.5522874,38499,polygon,1840000427
Waltham,Waltham,MA,Massachusetts,Middlesex,25017,02451 02452 02453 02454 02455,42.3764852,-71.2356113,60632,polygon,1840000428
Cambridge,Cambridge,MA,Massachusetts,Middlesex,25017,02142 02140 02141 02139 02138 02238,42.375097,-71.1056079,105162,polygon,1840000429
Malden,Malden,MA,Massachusetts,Middlesex,25017,02148,42.4250964,-71.066163,59450,polygon,1840000430
Medford,Medford,MA,Massachusetts,Middlesex,25017,02155 02153 02156,42.4184296,-71.1061639,56173,polygon,1840000431
Melrose,Melrose,MA,Massachusetts,Middlesex,25017,02176,42.4584292,-71.0661633,26983,polygon,1840000432
Newton,Newton,MA,Massachusetts,Middlesex,25017,02464 02466 02461 02460 02462 02468 02465 02467 02458 02459 02456 02495,42.3370414,-71.2092214,85146,polygon,1840000433
Worcester,Worcester,MA,Massachusetts,Worcester,25027,01608 01609 01610 01602 01603 01604 01605 01606 01607 01601 01613 01614 01615 01653 01655,42.2625932,-71.8022934,181045,polygon,1840000434
Fitchburg,Fitchburg,MA,Massachusetts,Worcester,25027,01420,42.5834228,-71.8022956,40318,polygon,1840000435
Gardner,Gardner,MA,Massachusetts,Worcester,25027,01440 01441,42.5750883,-71.998133,20228,polygon,1840000436
Leominster,Leominster,MA,Massachusetts,Worcester,25027,01453,42.5250906,-71.759794,40759,polygon,1840000437
Northampton,Northampton,MA,Massachusetts,Hampshire,25015,01060 01062 01063 01053 01061,42.3250896,-72.6412013,28549,polygon,1840000451
Boston,Boston,MA,Massachusetts,Suffolk,25025,02120 02121 02122 02124 02125 02126 02127 02128 02129 02210 02215 02467 02119 02118 02111 02110 02113 02115 02114 02116 02199 02134 02136 02135 02132 02131 02130 02203 02163 02152 02108 02109 02112 02117 02123 02133 02137 02196 02201 02204 02205 02206 02211 02212 02217 02222 02241 02266 02283 02284 02293 02297 02298,42.3584308,-71.0597732,617594,polygon,1840000455
Chelsea,Chelsea,MA,Massachusetts,Suffolk,25025,02150,42.3917638,-71.0328284,35177,polygon,1840000456
Revere,Revere,MA,Massachusetts,Suffolk,25025,02151,42.4084302,-71.0119948,51755,polygon,1840000457
Quincy,Quincy,MA,Massachusetts,Norfolk,25021,02169 02171 02170 02269,42.2528772,-71.0022705,92271,polygon,1840000461
Chicopee,Chicopee,MA,Massachusetts,Hampden,25013,01020 01022 01013 01014 01021,42.1487043,-72.6078672,55298,polygon,1840000462
Westfield,Westfield,MA,Massachusetts,Hampden,25013,01086 01085,42.1250929,-72.749538,41094,polygon,1840000463
West Springfield,West Springfield,MA,Massachusetts,Hampden,25013,01089 01090,42.1070215503,-72.6351252226,28391,polygon,1840000464
Holyoke,Holyoke,MA,Massachusetts,Hampden,25013,01040 01041,42.2042587,-72.6162009,39880,polygon,1840000465
Springfield,Springfield,MA,Massachusetts,Hampden,25013,01151 01118 01119 01199 01129 01128 01107 01105 01104 01103 01109 01108 01101 01102 01111 01115 01138 01139 01144 01152,42.1014831,-72.589811,153060,polygon,1840000466
Brockton,Brockton,MA,Massachusetts,Plymouth,25023,02301 02302 02303 02304 02305,42.0834335,-71.0183787,93810,polygon,1840000467
Attleboro,Attleboro,MA,Massachusetts,Bristol,25005,02703,41.9445441,-71.2856082,43593,polygon,1840000496
Fall River,Fall River,MA,Massachusetts,Bristol,25005,02724 02723 02720 02721 02790 02747 02722,41.7014912,-71.1550451,88857,polygon,1840000497
Berlin,Berlin,NH,New Hampshire,Coos,33007,03570,44.4686696,-71.1850768,10051,polygon,1840002100
Gorham,Gorham,NH,New Hampshire,Coos,33007,03581,44.3878391,-71.173131,1600,polygon,1840002101
Groveton,Groveton,NH,New Hampshire,Coos,33007,03582,44.5986652,-71.511195,1118,polygon,1840002102
Lancaster,Lancaster,NH,New Hampshire,Coos,33007,03584,44.4889465,-71.569251,1725,polygon,1840002103
Whitefield,Whitefield,NH,New Hampshire,Coos,33007,03598,44.3731161,-71.6100845,1142,polygon,1840002104
Lebanon,Lebanon,NH,New Hampshire,Grafton,33009,03784 03766 03756,43.6422934,-72.2517569,13151,polygon,1840002192
Bristol,Bristol,NH,New Hampshire,Grafton,33009,03222,43.5911851,-71.7367456,1688,polygon,1840002193
Enfield,Enfield,NH,New Hampshire,Grafton,33009,03748,43.6406274,-72.1439765,1540,polygon,1840002194
Hanover,Hanover,NH,New Hampshire,Grafton,33009,03755,43.7022928,-72.2895353,8636,polygon,1840002195
Lisbon,Lisbon,NH,New Hampshire,Grafton,33009,03585,44.2133962,-71.9109231,980,polygon,1840002196
Littleton,Littleton,NH,New Hampshire,Grafton,33009,03561,44.3061725,-71.7700885,4412,polygon,1840002197
Plymouth,Plymouth,NH,New Hampshire,Grafton,33009,03264,43.7570166,-71.6881337,4456,polygon,1840002198
Woodsville,Woodsville,NH,New Hampshire,Grafton,33009,03785,44.1522858,-72.0373132,1126,polygon,1840002199
Conway,Conway,NH,New Hampshire,Carroll,33003,03860 03813 03818,43.9792376,-71.1203476,1823,polygon,1840002221
North Conway,North Conway,NH,New Hampshire,Carroll,33003,03860 03847,44.0536805,-71.1284041,2349,polygon,1840002222
Wolfeboro,Wolfeboro,NH,New Hampshire,Carroll,33003,03894,43.5839671,-71.2072903,2838,polygon,1840002223
Haverhill,Haverhill,MA,Massachusetts,Essex,25009,01832 01830 01835 01831,42.7762015,-71.0772796,60879,polygon,1840002450
Andover,Andover,MA,Massachusetts,Essex,25009,01810 01812 01899 05501 05544,42.6584254,-71.1370012,8762,polygon,1840002451
Boxford,Boxford,MA,Massachusetts,Essex,25009,01921,42.661204,-70.9967205,2339,polygon,1840002452
Danvers,Danvers,MA,Massachusetts,Essex,25009,01937 01923,42.5750946,-70.9300507,26493,polygon,1840002453
Essex,Essex,MA,Massachusetts,Essex,25009,01929,42.6320389,-70.7828255,1471,polygon,1840002454
Ipswich,Ipswich,MA,Massachusetts,Essex,25009,01938,42.6792602,-70.8411612,4222,polygon,1840002455
Lynnfield,Lynnfield,MA,Massachusetts,Essex,25009,01940,42.5389836,-71.0481084,11596,polygon,1840002456
Marblehead,Marblehead,MA,Massachusetts,Essex,25009,01945,42.500096,-70.8578253,19808,polygon,1840002457
Laconia,Laconia,NH,New Hampshire,Belknap,33001,03246 03247,43.5278546,-71.470351,15951,polygon,1840002683
Meredith,Meredith,NH,New Hampshire,Belknap,33001,03253,43.6575747,-71.500352,1718,polygon,1840002684
Tilton Northfield,Tilton Northfield,NH,New Hampshire,Belknap,33001,03276 03298 03299,43.4429982,-71.5936408,3075,polygon,1840002685
Concord,Concord,NH,New Hampshire,Merrimack,33013,03303 03301 03302 03305,43.2081366,-71.5375718,42695,polygon,1840002747
Franklin,Franklin,NH,New Hampshire,Merrimack,33013,03235,43.4442432,-71.6472988,8477,polygon,1840002748
Contoocook,Contoocook,NH,New Hampshire,Merrimack,33013,03229,43.2220234,-71.7139655,1444,polygon,1840002749
Henniker,Henniker,NH,New Hampshire,Merrimack,33013,03242,43.1798012,-71.822301,1747,polygon,1840002750
Hooksett,Hooksett,NH,New Hampshire,Merrimack,33013,03106,43.0967495,-71.4650684,4147,polygon,1840002801
Pittsfield,Pittsfield,NH,New Hampshire,Merrimack,33013,03263,43.3059138,-71.3242341,1576,polygon,1840002802
South Hooksett,South Hooksett,NH,New Hampshire,Merrimack,33013,03106,43.0264727,-71.4353446,5418,polygon,1840002803
Suncook,Suncook,NH,New Hampshire,Merrimack,33013,03275,43.130638,-71.4531241,5379,polygon,1840002804
Claremont,Claremont,NH,New Hampshire,Sullivan,33019,03743,43.3767402,-72.3467561,13355,polygon,1840002805
Charlestown,Charlestown,NH,New Hampshire,Sullivan,33019,03603,43.2386868,-72.4245329,1152,polygon,1840002806
Newport,Newport,NH,New Hampshire,Sullivan,33019,03773,43.3653522,-72.1734205,4769,polygon,1840002807
Dover,Dover,NH,New Hampshire,Strafford,33017,03820 03821 03822,43.1978624,-70.8736698,29987,polygon,1840002808
Rochester,Rochester,NH,New Hampshire,Strafford,33017,03839 03868 03867 03866,43.3045261,-70.9756186,29752,polygon,1840002809
Somersworth,Somersworth,NH,New Hampshire,Strafford,33017,03878,43.2617503,-70.8653372,11766,polygon,1840002810
Durham,Durham,NH,New Hampshire,Strafford,33017,03824,43.1339741,-70.9264477,10345,polygon,1840002811
Farmington,Farmington,NH,New Hampshire,Strafford,33017,03835,43.3898028,-71.0650649,3885,polygon,1840002812
Portsmouth,Portsmouth,NH,New Hampshire,Rockingham,33015,03801 03802 03803 03804,43.0717552,-70.7625532,20779,polygon,1840002932
Derry,Derry,NH,New Hampshire,Rockingham,33015,03038 03041,42.8806425,-71.3272856,22015,polygon,1840002933
Epping,Epping,NH,New Hampshire,Rockingham,33015,03042,43.0334192,-71.0742267,1681,polygon,1840002934
Exeter,Exeter,NH,New Hampshire,Rockingham,33015,03833,42.981477,-70.9478343,9242,polygon,1840002935
Hampton,Hampton,NH,New Hampshire,Rockingham,33015,03842 03843,42.9375899,-70.8389421,9656,polygon,1840002936
Londonderry,Londonderry,NH,New Hampshire,Rockingham,33015,03053,42.8650869,-71.3739532,11037,polygon,1840002937
Newmarket,Newmarket,NH,New Hampshire,Rockingham,33015,03857,43.082864,-70.9350582,5297,polygon,1840002938
Raymond,Raymond,NH,New Hampshire,Rockingham,33015,03077,43.0361961,-71.1833951,2855,polygon,1840002939
Manchester,Manchester,NH,New Hampshire,Hillsborough,33011,03109 03104 03101 03103 03102 03105 03108 03111,42.9956397,-71.4547891,109565,polygon,1840002983
Nashua,Nashua,NH,New Hampshire,Hillsborough,33011,03062 03063 03060 03064 03061,42.7653662,-71.467566,86494,polygon,1840002984
Antrim,Antrim,NH,New Hampshire,Hillsborough,33011,03440,43.0309142,-71.9389689,1397,polygon,1840002985
Greenville,Greenville,NH,New Hampshire,Hillsborough,33011,03048,42.7673087,-71.8122977,1108,polygon,1840002986
Hillsborough,Hillsborough,NH,New Hampshire,Hillsborough,33011,03244,43.1141021,-71.8992022,1976,polygon,1840002987
Hudson,Hudson,NH,New Hampshire,Hillsborough,33011,03051,42.7648108,-71.4397876,7336,polygon,1840002988
Milford,Milford,NH,New Hampshire,Hillsborough,33011,03055,42.8353641,-71.6489604,8835,polygon,1840002989
Peterborough,Peterborough,NH,New Hampshire,Hillsborough,33011,03458,42.8706392,-71.9517459,3103,polygon,1840002990
Pinardville,Pinardville,NH,New Hampshire,Hillsborough,33011,03045 03102,42.9942506,-71.5072903,4780,polygon,1840002991
Wilton,Wilton,NH,New Hampshire,Hillsborough,33011,03055 03086,42.843419,-71.7350741,1163,polygon,1840002992
Keene,Keene,NH,New Hampshire,Cheshire,33005,03431 03435,42.933692,-72.2781409,23409,polygon,1840003050
Hinsdale,Hinsdale,NH,New Hampshire,Cheshire,33005,03451,42.7861936,-72.4864773,1548,polygon,1840003051
Jaffrey,Jaffrey,NH,New Hampshire,Cheshire,33005,03452,42.813973,-72.023136,2757,polygon,1840003052
Marlborough,Marlborough,NH,New Hampshire,Cheshire,33005,03455,42.9042483,-72.2078618,1094,polygon,1840003053
West Swanzey,West Swanzey,NH,New Hampshire,Cheshire,33005,03446 03469,42.8700819,-72.3217525,1308,polygon,1840003054
Winchester,Winchester,NH,New Hampshire,Cheshire,33005,03470,42.7734163,-72.3831422,1733,polygon,1840003055
Pittsfield,Pittsfield,MA,Massachusetts,Berkshire,25003,01201 01202 01203,42.4500846,-73.2453824,44737,polygon,1840003116
Adams,Adams,MA,Massachusetts,Berkshire,25003,01220,42.6242495,-73.117603,5515,polygon,1840003117
Williamstown,Williamstown,MA,Massachusetts,Berkshire,25003,01267,42.7120249,-73.2037177,4325,polygon,1840003118
Housatonic,Housatonic,MA,Massachusetts,Berkshire,25003,01236 01230,42.2542548,-73.3662214,1109,polygon,1840003119
Lee,Lee,MA,Massachusetts,Berkshire,25003,01238,42.3042537,-73.2481616,2051,polygon,1840003120
Lenox,Lenox,MA,Massachusetts,Berkshire,25003,01240,42.356475,-73.2848289,1675,polygon,1840003121
Millers Falls,Millers Falls,MA,Massachusetts,Franklin,25011,01349 01344,42.5820307,-72.4925876,1139,polygon,1840003122
Somerville,Somerville,MA,Massachusetts,Middlesex,25017,02144 02145 02143,42.3875968,-71.0994968,75754,polygon,1840003123
Woburn,Woburn,MA,Massachusetts,Middlesex,25017,01801 01813 01815 01888,42.4792618,-71.1522766,38120,polygon,1840003124
Arlington,Arlington,MA,Massachusetts,Middlesex,25017,02476 02474 02475,42.4153739,-71.1564428,42844,polygon,1840003125
Ayer,Ayer,MA,Massachusetts,Middlesex,25017,01432,42.5612021,-71.5897897,2868,polygon,1840003126
Belmont,Belmont,MA,Massachusetts,Middlesex,25017,02478 02479,42.3959296,-71.1786655,24729,polygon,1840003127
Burlington,Burlington,MA,Massachusetts,Middlesex,25017,01803 01805,42.5048167,-71.1956111,24498,polygon,1840003128
Cochituate,Cochituate,MA,Massachusetts,Middlesex,25017,01778,42.3209291,-71.364226,6569,polygon,1840003129
East Pepperell,East Pepperell,MA,Massachusetts,Middlesex,25017,01463,42.6653673,-71.5731236,2059,polygon,1840003130
Framingham,Framingham,MA,Massachusetts,Middlesex,25017,01701 01702 01703 01704 01705,42.2792625,-71.416172,68318,polygon,1840003131
Groton,Groton,MA,Massachusetts,Middlesex,25017,01450 01470 01471,42.6112014,-71.574512,1124,polygon,1840003132
West Concord,West Concord,MA,Massachusetts,Middlesex,25017,01742,42.458427,-71.3953388,6028,polygon,1840003133
Wilmington,Wilmington,MA,Massachusetts,Middlesex,25017,01887,42.5464828,-71.1736669,22325,polygon,1840003134
Winchester,Winchester,MA,Massachusetts,Middlesex,25017,01890,42.4523178,-71.1369982,21374,polygon,1840003135
Hopkinton,Hopkinton,MA,Massachusetts,Middlesex,25017,01748,42.2287065,-71.5225638,2550,polygon,1840003136
Hudson,Hudson,MA,Massachusetts,Middlesex,25017,01749,42.3917599,-71.5661769,14907,polygon,1840003137
Lexington,Lexington,MA,Massachusetts,Middlesex,25017,02421 02420,42.4473175,-71.2245003,31394,polygon,1840003138
Littleton Common,Littleton Common,MA,Massachusetts,Middlesex,25017,01460,42.5459251,-71.4745085,2789,polygon,1840003139
Maynard,Maynard,MA,Massachusetts,Middlesex,25017,01754,42.4334269,-71.449507,10106,polygon,1840003140
Athol,Athol,MA,Massachusetts,Worcester,25027,01331,42.5959203,-72.2267497,8265,polygon,1840003141
Baldwinville,Baldwinville,MA,Massachusetts,Worcester,25027,01436,42.6084207,-72.075913,2028,polygon,1840003142
Barre,Barre,MA,Massachusetts,Worcester,25027,01005,42.4228679,-72.1050787,1009,polygon,1840003143
Clinton,Clinton,MA,Massachusetts,Worcester,25027,01510,42.416759,-71.6828468,7389,polygon,1840003144
Cordaville,Cordaville,MA,Massachusetts,Worcester,25027,01772,42.2689838,-71.5239529,2650,polygon,1840003145
East Brookfield,East Brookfield,MA,Massachusetts,Worcester,25027,01515,42.2284647739,-72.0352489772,1323,polygon,1840003146
East Douglas,East Douglas,MA,Massachusetts,Worcester,25027,01516,42.072319,-71.7134017,2557,polygon,1840003147
Fiskdale,Fiskdale,MA,Massachusetts,Worcester,25027,01518 01566,42.1162056,-72.11341,2583,polygon,1840003148
Warren,Warren,MA,Massachusetts,Worcester,25027,01083,42.212593,-72.1911897,1405,polygon,1840003149
Webster,Webster,MA,Massachusetts,Worcester,25027,01570,42.0500965,-71.880072,11412,polygon,1840003150
Westborough,Westborough,MA,Massachusetts,Worcester,25027,01581,42.2695387,-71.6161777,4045,polygon,1840003151
West Brookfield,West Brookfield,MA,Massachusetts,Worcester,25027,01585,42.2353704,-72.1411888,1413,polygon,1840003152
Whitinsville,Whitinsville,MA,Massachusetts,Worcester,25027,01588,42.1112075,-71.6661783,6704,polygon,1840003153
Winchendon,Winchendon,MA,Massachusetts,Worcester,25027,01475,42.6861973,-72.0439686,4213,polygon,1840003154
Hopedale,Hopedale,MA,Massachusetts,Worcester,25027,01747,42.1306522,-71.5411747,3753,polygon,1840003155
Lunenburg,Lunenburg,MA,Massachusetts,Worcester,25027,01462,42.5945342,-71.724516,1760,polygon,1840003156
Milford,Milford,MA,Massachusetts,Worcester,25027,01757,42.1398188,-71.516174,25055,polygon,1840003157
Amherst,Amherst,MA,Massachusetts,Hampshire,25015,01002 01003 01004,42.3753677,-72.519254,19065,polygon,1840003166
Belchertown,Belchertown,MA,Massachusetts,Hampshire,25015,01007,42.2770362,-72.4009176,2899,polygon,1840003167
Granby,Granby,MA,Massachusetts,Hampshire,25015,01033,42.2564807,-72.5161983,1368,polygon,1840003168
Hatfield,Hatfield,MA,Massachusetts,Hampshire,25015,01038,42.3709226,-72.5981446,1318,polygon,1840003169
Bellingham,Bellingham,MA,Massachusetts,Norfolk,25021,02019,42.0867641,-71.4745055,4854,polygon,1840003187
Brookline,Brookline,MA,Massachusetts,Norfolk,25021,02467 02446 02445 02447,42.3317642,-71.1211635,58732,polygon,1840003188
Dedham,Dedham,MA,Massachusetts,Norfolk,25021,02026 02027,42.2417653,-71.166164,24729,polygon,1840003189
Dover,Dover,MA,Massachusetts,Norfolk,25021,02030,42.2459311,-71.2828342,2265,polygon,1840003190
Foxborough,Foxborough,MA,Massachusetts,Norfolk,25021,02035,42.0653768,-71.2478308,5625,polygon,1840003191
Wellesley,Wellesley,MA,Massachusetts,Norfolk,25021,02482 02481 02457,42.2964859,-71.2925571,27982,polygon,1840003192
Holbrook,Holbrook,MA,Massachusetts,Norfolk,25021,02343,42.1550999,-71.0086576,10791,polygon,1840003193
Medfield,Medfield,MA,Massachusetts,Norfolk,25021,02052,42.1875979,-71.3064454,6483,polygon,1840003194
Wilbraham,Wilbraham,MA,Massachusetts,Hampden,25013,01095,42.1237053,-72.4314731,3915,polygon,1840003195
Holland,Holland,MA,Massachusetts,Hampden,25013,01521,42.0639841,-72.1572995,1464,polygon,1840003196
Longmeadow,Longmeadow,MA,Massachusetts,Hampden,25013,01106 01116,42.0500953,-72.5828662,15784,polygon,1840003197
Abington,Abington,MA,Massachusetts,Plymouth,25023,02351,42.1048228,-70.9453218,15985,polygon,1840003198
Bridgewater,Bridgewater,MA,Massachusetts,Plymouth,25023,02324 02325,41.9903787,-70.9750426,7841,polygon,1840003199
Duxbury,Duxbury,MA,Massachusetts,Plymouth,25023,02332 02331,42.0417695,-70.672259,1802,polygon,1840003200
Hanson,Hanson,MA,Massachusetts,Plymouth,25023,02341,42.0751013,-70.8800423,2118,polygon,1840003201
West Wareham,West Wareham,MA,Massachusetts,Plymouth,25023,02576,41.7898254,-70.7603143,2064,polygon,1840003202
White Island Shores,White Island Shores,MA,Massachusetts,Plymouth,25023,02538,41.8001045,-70.6347549,2106,polygon,1840003203
Hingham,Hingham,MA,Massachusetts,Plymouth,25023,02043 02044,42.2417669,-70.8897676,5650,polygon,1840003204
Hull,Hull,MA,Massachusetts,Plymouth,25023,02045,42.3020436,-70.9078243,10293,polygon,1840003205
Kingston,Kingston,MA,Massachusetts,Plymouth,25023,02364,41.9945473,-70.7244822,5591,polygon,1840003206
Marshfield,Marshfield,MA,Massachusetts,Plymouth,25023,02050 02041 02059 02065,42.091769,-70.7055941,4335,polygon,1840003207
Marshfield Hills,Marshfield Hills,MA,Massachusetts,Plymouth,25023,02050 02051,42.1459351,-70.7397626,2356,polygon,1840003208
Middleborough,Middleborough,MA,Massachusetts,Plymouth,25023,02346,41.8929730083,-70.9148795728,7319,polygon,1840003209
New Bedford,New Bedford,MA,Massachusetts,Bristol,25005,02740 02744 02745 02746 02741 02742,41.6362152,-70.934205,95072,polygon,1840003219
Taunton,Taunton,MA,Massachusetts,Bristol,25005,02780 02767 02718,41.900101,-71.0897675,55874,polygon,1840003220
Bliss Corner,Bliss Corner,MA,Massachusetts,Bristol,25005,02748,41.611771,-70.9383715,5280,polygon,1840003221
Bourne,Bourne,MA,Massachusetts,Barnstable,25001,02532,41.7412166,-70.5989196,1418,polygon,1840003230
Brewster,Brewster,MA,Massachusetts,Barnstable,25001,02631,41.7601093,-70.082796,2000,polygon,1840003231
Buzzards Bay,Buzzards Bay,MA,Massachusetts,Barnstable,25001,02532,41.745383,-70.618087,3859,polygon,1840003232
Chatham,Chatham,MA,Massachusetts,Barnstable,25001,02633,41.6820563,-69.9597376,1421,polygon,1840003233
Dennis,Dennis,MA,Massachusetts,Barnstable,25001,02638,41.7353872,-70.1939087,2407,polygon,1840003234
Dennis Port,Dennis Port,MA,Massachusetts,Barnstable,25001,02639,41.658445,-70.1286293,3162,polygon,1840003235
East Dennis,East Dennis,MA,Massachusetts,Barnstable,25001,02638 02641 02660,41.7426094,-70.1619638,2753,polygon,1840003236
East Falmouth,East Falmouth,MA,Massachusetts,Barnstable,25001,02536,41.5784425,-70.5586401,6038,polygon,1840003237
East Harwich,East Harwich,MA,Massachusetts,Barnstable,25001,02645 02661,41.7001112,-70.0272389,4872,polygon,1840003238
East Sandwich,East Sandwich,MA,Massachusetts,Barnstable,25001,02537,41.7417739,-70.4516929,3940,polygon,1840003239
Falmouth,Falmouth,MA,Massachusetts,Barnstable,25001,02540 02541,41.5514979,-70.6147519,3799,polygon,1840003240
Forestdale,Forestdale,MA,Massachusetts,Barnstable,25001,02644,41.6917744,-70.4994721,4099,polygon,1840003241
Harwich Port,Harwich Port,MA,Massachusetts,Barnstable,25001,02645 02646,41.6667784,-70.0786284,1644,polygon,1840003242
West Chatham,West Chatham,MA,Massachusetts,Barnstable,25001,02633 02669,41.6812229,-69.991127,1410,polygon,1840003243
West Dennis,West Dennis,MA,Massachusetts,Barnstable,25001,02670 02660,41.6645557,-70.1727967,2242,polygon,1840003244
West Falmouth,West Falmouth,MA,Massachusetts,Barnstable,25001,02540 02574,41.6042744,-70.6344749,1738,polygon,1840003245
West Yarmouth,West Yarmouth,MA,Massachusetts,Barnstable,25001,02673,41.6501114,-70.2411312,6012,polygon,1840003246
Woods Hole,Woods Hole,MA,Massachusetts,Barnstable,25001,02543 02540,41.5264977,-70.6730857,781,polygon,1840003247
Yarmouth Port,Yarmouth Port,MA,Massachusetts,Barnstable,25001,02675,41.7020544,-70.249465,5320,polygon,1840003248
Pawtucket,Pawtucket,RI,Rhode Island,Providence,44007,02861 02860 02862,41.878711,-71.3825558,71148,polygon,1840003285
Central Falls,Central Falls,RI,Rhode Island,Providence,44007,02863,41.8906553,-71.3922785,19376,polygon,1840003286
Cranston,Cranston,RI,Rhode Island,Providence,44007,02905 02831 02920 02910 02921,41.7798226,-71.4372796,80387,polygon,1840003287
East Providence,East Providence,RI,Rhode Island,Providence,44007,02915 02914 02916,41.8137116,-71.3700545,47037,polygon,1840003288
Providence,Providence,RI,Rhode Island,Providence,44007,02903 02906 02907 02904 02905 02908 02909 02912 02901 02902 02918 02940,41.8239891,-71.4128343,178042,polygon,1840003289
Woonsocket,Woonsocket,RI,Rhode Island,Providence,44007,02895,42.0028761,-71.5147839,41186,polygon,1840003290
Cumberland Hill,Cumberland Hill,RI,Rhode Island,Providence,44007,02864,41.9745431,-71.4670043,7934,polygon,1840003291
Greenville,Greenville,RI,Rhode Island,Providence,44007,02828 02917,41.8712103,-71.5520069,8658,polygon,1840003292
Harrisville,Harrisville,RI,Rhode Island,Providence,44007,02830,41.9656539,-71.6745112,1605,polygon,1840003293
Pascoag,Pascoag,RI,Rhode Island,Providence,44007,02859,41.9556539,-71.7022899,4577,polygon,1840003294
Valley Falls,Valley Falls,RI,Rhode Island,Providence,44007,02864,41.9067663,-71.3906119,11547,polygon,1840003295
Warwick,Warwick,RI,Rhode Island,Kent,44003,02818 02886 02889 02888 02887,41.700101,-71.4161671,82672,polygon,1840003344
Newport,Newport,RI,Rhode Island,Newport,44005,02841 02840,41.4901024,-71.3128285,24672,polygon,1840003355
Melville,Melville,RI,Rhode Island,Newport,44005,02842 02871,41.5870465,-71.2833829,1320,polygon,1840003356
Tiverton,Tiverton,RI,Rhode Island,Newport,44005,02878,41.6259357,-71.2133801,7557,polygon,1840003357
Ashaway,Ashaway,RI,Rhode Island,Washington,44009,02804,41.4234329,-71.7856238,1485,polygon,1840003362
Bradford,Bradford,RI,Rhode Island,Washington,44009,02808,41.3989889,-71.7370107,1406,polygon,1840003363
Hope Valley,Hope Valley,RI,Rhode Island,Washington,44009,02832,41.5075996,-71.7161784,1612,polygon,1840003364
Kingston,Kingston,RI,Rhode Island,Washington,44009,02879 02881,41.4803791,-71.5225598,6974,polygon,1840003365
Narragansett,Narragansett,RI,Rhode Island,Washington,44009,02882,41.4323244,-71.4564448,3409,polygon,1840003366
Peace Dale,Peace Dale,RI,Rhode Island,Washington,44009,02879 02880 02883,41.4460742,-71.500408,8487,polygon,1840003367
Westerly,Westerly,RI,Rhode Island,Washington,44009,02891,41.3775996,-71.8272911,17936,polygon,1840003368
Nahant,Nahant,MA,Massachusetts,Essex,25009,01908,42.4264859,-70.9189371,3410,polygon,1840004461
Rockport,Rockport,MA,Massachusetts,Essex,25009,01966,42.6556507,-70.6203216,4966,polygon,1840004462
Rowley,Rowley,MA,Massachusetts,Essex,25009,01969,42.7167594,-70.8786628,1416,polygon,1840004463
Salisbury,Salisbury,MA,Massachusetts,Essex,25009,01952,42.8417577,-70.8606083,4869,polygon,1840004464
Saugus,Saugus,MA,Massachusetts,Essex,25009,01906,42.4648183,-71.010051,26628,polygon,1840004465
Swampscott,Swampscott,MA,Massachusetts,Essex,25009,01907,42.4709296,-70.9175487,13787,polygon,1840004466
Topsfield,Topsfield,MA,Massachusetts,Essex,25009,01983,42.6375935,-70.9494966,2717,polygon,1840004467
Great Barrington,Great Barrington,MA,Massachusetts,Berkshire,25003,01230,42.1959225,-73.3620564,2231,polygon,1840004507
Northfield,Northfield,MA,Massachusetts,Franklin,25011,01360,42.6959174,-72.4528653,1089,polygon,1840004515
Orange,Orange,MA,Massachusetts,Franklin,25011,01364,42.5903646,-72.3098068,4018,polygon,1840004516
Shelburne Falls,Shelburne Falls,MA,Massachusetts,Franklin,25011,01370,42.6042515,-72.7392588,1731,polygon,1840004517
South Deerfield,South Deerfield,MA,Massachusetts,Franklin,25011,01373,42.4773097,-72.6078667,1880,polygon,1840004518
Turners Falls,Turners Falls,MA,Massachusetts,Franklin,25011,01376,42.6042523,-72.5564777,4470,polygon,1840004519
Pepperell,Pepperell,MA,Massachusetts,Middlesex,25017,01463,42.6659227,-71.5884018,2504,polygon,1840004520
Pinehurst,Pinehurst,MA,Massachusetts,Middlesex,25017,01821 01866,42.5292606,-71.2281122,7152,polygon,1840004521
Reading,Reading,MA,Massachusetts,Middlesex,25017,01867,42.5256502,-71.0953314,24747,polygon,1840004522
Shirley,Shirley,MA,Massachusetts,Middlesex,25017,01464,42.543702,-71.6495134,1441,polygon,1840004523
Stoneham,Stoneham,MA,Massachusetts,Middlesex,25017,02180,42.4800954,-71.0994976,21437,polygon,1840004524
Townsend,Townsend,MA,Massachusetts,Middlesex,25017,01469,42.6667555,-71.7050718,1128,polygon,1840004525
Wakefield,Wakefield,MA,Massachusetts,Middlesex,25017,01880,42.506484,-71.0728306,24932,polygon,1840004526
Northborough,Northborough,MA,Massachusetts,Worcester,25027,01532,42.319538,-71.6411786,6167,polygon,1840004527
North Brookfield,North Brookfield,MA,Massachusetts,Worcester,25027,01535,42.2667587,-72.0828545,2265,polygon,1840004528
Oxford,Oxford,MA,Massachusetts,Worcester,25027,01540,42.1167621,-71.8647941,6103,polygon,1840004529
Rutland,Rutland,MA,Massachusetts,Worcester,25027,01543,42.3695356,-71.9481302,2111,polygon,1840004530
South Ashburnham,South Ashburnham,MA,Massachusetts,Worcester,25027,01430,42.6103659,-71.9389655,1062,polygon,1840004531
South Lancaster,South Lancaster,MA,Massachusetts,Worcester,25027,01523 01561,42.4445364,-71.6870138,1894,polygon,1840004532
Spencer,Spencer,MA,Massachusetts,Worcester,25027,01562,42.2439811,-71.992297,5700,polygon,1840004533
Sturbridge,Sturbridge,MA,Massachusetts,Worcester,25027,01566,42.108428,-72.0786871,2253,polygon,1840004534
Upton,Upton,MA,Massachusetts,Worcester,25027,01568,42.1745401,-71.6022879,3013,polygon,1840004535
North Amherst,North Amherst,MA,Massachusetts,Hampshire,25015,01002 01003 01059,42.410367,-72.530921,6819,polygon,1840004580
South Amherst,South Amherst,MA,Massachusetts,Hampshire,25015,01002,42.3403684,-72.5050871,4994,polygon,1840004581
Ware,Ware,MA,Massachusetts,Hampshire,25015,01082,42.2598146,-72.2398021,6170,polygon,1840004582
Milton,Milton,MA,Massachusetts,Norfolk,25021,02186 02187,42.2495435,-71.0661612,27003,polygon,1840004672
Needham,Needham,MA,Massachusetts,Norfolk,25021,02492 02494,42.283431,-71.2328329,28886,polygon,1840004673
Norwood,Norwood,MA,Massachusetts,Norfolk,25021,02062,42.194543,-71.1994976,28602,polygon,1840004674
Randolph,Randolph,MA,Massachusetts,Norfolk,25021,02368,42.1625997,-71.0411588,32112,polygon,1840004675
Sharon,Sharon,MA,Massachusetts,Norfolk,25021,02067,42.1237102,-71.1786627,5658,polygon,1840004676
Walpole,Walpole,MA,Massachusetts,Norfolk,25021,02081,42.1417653,-71.2494985,5918,polygon,1840004677
North Pembroke,North Pembroke,MA,Massachusetts,Plymouth,25023,02359 02358,42.0931574,-70.7925408,3292,polygon,1840004678
North Plymouth,North Plymouth,MA,Massachusetts,Plymouth,25023,02360,41.9709365,-70.6828139,3600,polygon,1840004679
North Scituate,North Scituate,MA,Massachusetts,Plymouth,25023,02066 02040 02055 02060,42.21899,-70.7855981,5077,polygon,1840004680
Onset,Onset,MA,Massachusetts,Plymouth,25023,02558 02538,41.7417714,-70.6578104,1573,polygon,1840004681
Plymouth,Plymouth,MA,Massachusetts,Plymouth,25023,02360 02361 02362,41.9584367,-70.6672577,7494,polygon,1840004682
Scituate,Scituate,MA,Massachusetts,Plymouth,25023,02066,42.1959348,-70.725874,5245,polygon,1840004683
South Duxbury,South Duxbury,MA,Massachusetts,Plymouth,25023,02332,42.0231585,-70.6828145,3360,polygon,1840004684
Ocean Grove,Ocean Grove,MA,Massachusetts,Bristol,25005,02777,41.7292686,-71.2092133,2811,polygon,1840004734
Raynham Center,Raynham Center,MA,Massachusetts,Bristol,25005,02767 02768,41.9237121,-71.0522665,4100,polygon,1840004735
Smith Mills,Smith Mills,MA,Massachusetts,Bristol,25005,02747,41.6389924,-70.9911511,4760,polygon,1840004736
Somerset,Somerset,MA,Massachusetts,Bristol,25005,02726 02725,41.7695463,-71.128656,18165,polygon,1840004737
Monument Beach,Monument Beach,MA,Massachusetts,Barnstable,25001,02532 02553 02559,41.7195502,-70.6119755,2790,polygon,1840004756
New Seabury,New Seabury,MA,Massachusetts,Barnstable,25001,02649,41.5714993,-70.4753048,717,polygon,1840004757
North Eastham,North Eastham,MA,Massachusetts,Barnstable,25001,02651 02642,41.8651071,-69.9911305,1806,polygon,1840004758
North Falmouth,North Falmouth,MA,Massachusetts,Barnstable,25001,02556,41.6459404,-70.6183639,3084,polygon,1840004759
Orleans,Orleans,MA,Massachusetts,Barnstable,25001,02653,41.7898313,-69.9897397,1621,polygon,1840004760
Pocasset,Pocasset,MA,Massachusetts,Barnstable,25001,02559,41.6862174,-70.616142,2851,polygon,1840004761
Provincetown,Provincetown,MA,Massachusetts,Barnstable,25001,02657,42.058436,-70.1786375,2642,polygon,1840004762
Sagamore,Sagamore,MA,Massachusetts,Barnstable,25001,02561 02562,41.770106,-70.5283621,3623,polygon,1840004763
Sandwich,Sandwich,MA,Massachusetts,Barnstable,25001,02563,41.7589954,-70.4939163,2962,polygon,1840004764
South Dennis,South Dennis,MA,Massachusetts,Barnstable,25001,02660,41.6895552,-70.1564077,3643,polygon,1840004765
South Yarmouth,South Yarmouth,MA,Massachusetts,Barnstable,25001,02673 02664,41.6667779,-70.1847414,11092,polygon,1840004766
Teaticket,Teaticket,MA,Massachusetts,Barnstable,25001,02536,41.5645534,-70.5958628,1692,polygon,1840004767
Vineyard Haven,Vineyard Haven,MA,Massachusetts,Dukes,25007,02568,41.4542786,-70.6036395,2114,polygon,1840004895
Nantucket,Nantucket,MA,Massachusetts,Nantucket,25019,02554,41.2834563,-70.0994605,7446,polygon,1840004913
Southfield,Southfield,MA,Massachusetts,Plymouth,25023,02370,42.1496736,-70.9289534,0,polygon,1840024101
The Pinehills,The Pinehills,MA,Massachusetts,Plymouth,25023,02360,41.8881917,-70.5999659,955,polygon,1840024102
Madaket,Madaket,MA,Massachusetts,Nantucket,25019,02554,41.2729019,-70.1980734,236,polygon,1840024165
Siasconset,Siasconset,MA,Massachusetts,Nantucket,25019,02564,41.2626228,-69.9661245,205,polygon,1840024166
Beecher Falls,Beecher Falls,NH,New Hampshire,Coos,33007,05903 05902,45.0081017,-71.5078617,177,polygon,1840025316
Colebrook,Colebrook,NH,New Hampshire,Coos,33007,03576,44.8944918,-71.4959176,1394,polygon,1840026107
West Stewartstown,West Stewartstown,NH,New Hampshire,Coos,33007,03597,44.9953241,-71.5311962,386,polygon,1840026108
Ashland,Ashland,NH,New Hampshire,Grafton,33009,03217,43.6953512,-71.6306325,1244,polygon,1840026125
Bethlehem,Bethlehem,NH,New Hampshire,Grafton,33009,03574,44.2803402,-71.6881414,972,polygon,1840026126
Canaan,Canaan,NH,New Hampshire,Grafton,33009,03741,43.6475724,-72.0117512,524,polygon,1840026127
Lincoln,Lincoln,NH,New Hampshire,Grafton,33009,03251,44.0456225,-71.6700809,993,polygon,1840026128
Mountain Lakes,Mountain Lakes,NH,New Hampshire,Grafton,33009,03774 03785,44.1214533,-71.9553663,488,polygon,1840026129
North Woodstock,North Woodstock,NH,New Hampshire,Grafton,33009,03262,44.0303449,-71.6859143,528,polygon,1840026130
Bartlett,Bartlett,NH,New Hampshire,Carroll,33003,03812,44.0781246,-71.2828507,373,polygon,1840026131
Center Ossipee,Center Ossipee,NH,New Hampshire,Carroll,33003,03814,43.7550761,-71.1520128,561,polygon,1840026132
Center Sandwich,Center Sandwich,NH,New Hampshire,Carroll,33003,03227,43.8075729,-71.4392404,123,polygon,1840026133
Melvin Village,Melvin Village,NH,New Hampshire,Carroll,33003,03850,43.6889651,-71.304237,241,polygon,1840026134
Sanbornville,Sanbornville,NH,New Hampshire,Carroll,33003,03872,43.554246,-71.0308988,1056,polygon,1840026135
Suissevale,Suissevale,NH,New Hampshire,Carroll,33003,03254,43.7233808,-71.3622122,249,polygon,1840026136
Union,Union,NH,New Hampshire,Carroll,33003,03887,43.4914691,-71.0231206,204,polygon,1840026137
Alton,Alton,NH,New Hampshire,Belknap,33001,03809,43.4523018,-71.2175671,501,polygon,1840026147
Belmont,Belmont,NH,New Hampshire,Belknap,33001,03220,43.4453558,-71.4778505,1301,polygon,1840026148
New Hampton,New Hampton,NH,New Hampshire,Belknap,33001,03256,43.60563,-71.6542439,351,polygon,1840026149
Blodgett Landing,Blodgett Landing,NH,New Hampshire,Merrimack,33013,03255,43.3736861,-72.0420291,101,polygon,1840026152
Bradford,Bradford,NH,New Hampshire,Merrimack,33013,03221,43.2700767,-71.9600824,356,polygon,1840026153
Loudon,Loudon,NH,New Hampshire,Merrimack,33013,03307,43.285636,-71.4672931,559,polygon,1840026154
New London,New London,NH,New Hampshire,Merrimack,33013,03257,43.4139637,-71.9850838,1415,polygon,1840026155
Warner,Warner,NH,New Hampshire,Merrimack,33013,03278,43.2806329,-71.8167461,444,polygon,1840026156
Plainfield,Plainfield,NH,New Hampshire,Sullivan,33019,03781,43.5342379,-72.3562023,205,polygon,1840026157
Milton,Milton,NH,New Hampshire,Strafford,33017,03851,43.409803,-70.9883973,575,polygon,1840026158
Milton Mills,Milton Mills,NH,New Hampshire,Strafford,33017,03852,43.5011915,-70.9636749,299,polygon,1840026159
Hampton Beach,Hampton Beach,NH,New Hampshire,Rockingham,33015,03842,42.9073128,-70.8119967,2275,polygon,1840026174
Newfields,Newfields,NH,New Hampshire,Rockingham,33015,03856,43.0370316,-70.9383906,301,polygon,1840026175
Seabrook Beach,Seabrook Beach,NH,New Hampshire,Rockingham,33015,03874,42.8867575,-70.8156076,992,polygon,1840026176
Amherst,Amherst,NH,New Hampshire,Hillsborough,33011,03031,42.8614748,-71.6253487,613,polygon,1840026177
Bennington,Bennington,NH,New Hampshire,Hillsborough,33011,03442,43.0031371,-71.924524,381,polygon,1840026178
Goffstown,Goffstown,NH,New Hampshire,Hillsborough,33011,03045,43.0203609,-71.600349,3196,polygon,1840026179
Hancock,Hancock,NH,New Hampshire,Hillsborough,33011,03449,42.9728594,-71.9798028,204,polygon,1840026180
North Walpole,North Walpole,NH,New Hampshire,Cheshire,33005,03609,43.1389666,-72.448144,828,polygon,1840026181
Troy,Troy,NH,New Hampshire,Cheshire,33005,03465,42.823972,-72.1811944,1221,polygon,1840026182
Walpole,Walpole,NH,New Hampshire,Cheshire,33005,03608,43.0795232,-72.4259214,605,polygon,1840026183
Cheshire,Cheshire,MA,Massachusetts,Berkshire,25003,01225,42.5620278,-73.162881,514,polygon,1840026190
Deerfield,Deerfield,MA,Massachusetts,Franklin,25011,01342,42.5445308,-72.6056448,643,polygon,1840026191
Devens,Devens,MA,Massachusetts,Worcester,25027,01434 01432,42.544698,-71.613181,1840,polygon,1840026192
Brookfield,Brookfield,MA,Massachusetts,Worcester,25027,01506,42.2139817,-72.1022991,833,polygon,1840026193
Petersham,Petersham,MA,Massachusetts,Worcester,25027,01366,42.4875891,-72.1870258,243,polygon,1840026194
Huntington,Huntington,MA,Massachusetts,Hampshire,25015,01050,42.2362007,-72.8759312,936,polygon,1840026203
Blandford,Blandford,MA,Massachusetts,Hampden,25013,01008,42.1806463,-72.9273224,393,polygon,1840026209
Chester,Chester,MA,Massachusetts,Hampden,25013,01011,42.2792551,-72.978712,627,polygon,1840026210
Russell,Russell,MA,Massachusetts,Hampden,25013,01071,42.189813,-72.8592642,786,polygon,1840026211
Harmony,Harmony,RI,Rhode Island,Providence,44007,02814,41.8878768,-71.5967307,985,polygon,1840026228
Chepachet,Chepachet,RI,Rhode Island,Providence,44007,02814,41.9150986,-71.6714555,1675,polygon,1840026229
Clayville,Clayville,RI,Rhode Island,Providence,44007,02815 02825,41.7778772,-71.6756221,300,polygon,1840026230
Foster Center,Foster Center,RI,Rhode Island,Providence,44007,02825,41.7850992,-71.7195126,355,polygon,1840026231
Greene,Greene,RI,Rhode Island,Kent,44003,02827,41.6912104,-71.7459022,888,polygon,1840026257
Wyoming,Wyoming,RI,Rhode Island,Washington,44009,02898,41.5153775,-71.7014556,270,polygon,1840026288
Carolina,Carolina,RI,Rhode Island,Washington,44009,02812 02813,41.4570447,-71.6633979,970,polygon,1840026289
Misquamicut,Misquamicut,RI,Rhode Island,Washington,44009,02891,41.3223222,-71.8161788,390,polygon,1840026290
Quonochontaug,Quonochontaug,RI,Rhode Island,Washington,44009,02813,41.3356563,-71.7083974,333,polygon,1840026291
Watch Hill,Watch Hill,RI,Rhode Island,Washington,44009,02891,41.3137109,-71.8497909,154,polygon,1840026292
Weekapaug,Weekapaug,RI,Rhode Island,Washington,44009,02891,41.3309336,-71.7550658,425,polygon,1840026293
Ballardvale,Ballardvale,MA,Massachusetts,Essex,25009,01810,42.6250925,-71.1606123,,point,1840029218
Methuen,Methuen,MA,Massachusetts,Essex,25009,01844,42.7262016,-71.1908924,47255,point,1840029219
Shawsheen Village,Shawsheen Village,MA,Massachusetts,Essex,25009,01810,42.672314,-71.143946,,point,1840029220
West Boxford,West Boxford,MA,Massachusetts,Essex,25009,01921,42.7070361,-71.0639449,,point,1840029221
Manchester-by-the-Sea,Manchester-by-the-Sea,MA,Massachusetts,Essex,25009,01944,42.577873,-70.7689354,,point,1840029222
Pigeon Cove,Pigeon Cove,MA,Massachusetts,Essex,25009,01966,42.6737059,-70.6328222,,point,1840029223
Groveland,Groveland,MA,Massachusetts,Essex,25009,01834,42.7603688,-71.0314451,,point,1840029224
Merrimac,Merrimac,MA,Massachusetts,Essex,25009,01860,42.8306456,-71.0022786,,point,1840029225
Middleton,Middleton,MA,Massachusetts,Essex,25009,01949,42.5950939,-71.0161643,,point,1840029226
North Andover,North Andover,MA,Massachusetts,Essex,25009,01845,42.6987024,-71.1350575,,point,1840029227
West Newbury,West Newbury,MA,Massachusetts,Essex,25009,01985,42.8014795,-70.989778,,point,1840029228
Georgetown,Georgetown,MA,Massachusetts,Essex,25009,01833,42.7250918,-70.9911659,,point,1840029229
Hamilton,Hamilton,MA,Massachusetts,Essex,25009,01982,42.616761,-70.8661608,,point,1840029230
Wenham,Wenham,MA,Massachusetts,Essex,25009,01984,42.604261,-70.8911613,,point,1840029231
New Ashford,New Ashford,MA,Massachusetts,Berkshire,25003,01237,42.605082,-73.2395502,,point,1840029232
Alford,Alford,MA,Massachusetts,Berkshire,25003,01230,42.2356442,-73.4134456,,point,1840029233
Hinsdale,Hinsdale,MA,Massachusetts,Berkshire,25003,01235,42.4386967,-73.1253799,,point,1840029234
Lanesborough,Lanesborough,MA,Massachusetts,Berkshire,25003,01237,42.5173058,-73.2281596,,point,1840029235
Monterey,Monterey,MA,Massachusetts,Berkshire,25003,01245,42.1792563,-73.2120526,,point,1840029236
New Marlborough,New Marlborough,MA,Massachusetts,Berkshire,25003,01230,42.1228687,-73.2287215,,point,1840029237
Stockbridge,Stockbridge,MA,Massachusetts,Berkshire,25003,01262,42.2834695721,-73.3128648613,,point,1840029238
Washington,Washington,MA,Massachusetts,Berkshire,25003,01223,42.36592,-73.116214,,point,1840029239
West Stockbridge,West Stockbridge,MA,Massachusetts,Berkshire,25003,01266,42.3350365691,-73.366346456,,point,1840029240
Becket,Becket,MA,Massachusetts,Berkshire,25003,01223,42.3320317,-73.0828803,,point,1840029241
Dalton,Dalton,MA,Massachusetts,Berkshire,25003,01226,42.4736959,-73.1662138,,point,1840029242
Florida,Florida,MA,Massachusetts,Berkshire,25003,01247,42.66675,-73.0112117,,point,1840029243
Hancock,Hancock,MA,Massachusetts,Berkshire,25003,01237,42.543138,-73.3237182,,point,1840029244
Otis,Otis,MA,Massachusetts,Berkshire,25003,01253,42.1931453,-73.0917715,,point,1840029245
Peru,Peru,MA,Massachusetts,Berkshire,25003,01235,42.4381417,-73.0459339,,point,1840029246
Richmond,Richmond,MA,Massachusetts,Berkshire,25003,01254,42.3731411,-73.367609,,point,1840029247
Sandisfield,Sandisfield,MA,Massachusetts,Berkshire,25003,01255,42.1125914,-73.1431637,,point,1840029248
Savoy,Savoy,MA,Massachusetts,Berkshire,25003,01256,42.5667512,-73.0287112,,point,1840029249
Sheffield,Sheffield,MA,Massachusetts,Berkshire,25003,01257,42.1103686,-73.3551148,,point,1840029250
Tyringham,Tyringham,MA,Massachusetts,Berkshire,25003,01264,42.2459215,-73.2037171,,point,1840029251
Windsor,Windsor,MA,Massachusetts,Berkshire,25003,01226,42.5117517,-73.0578779,,point,1840029252
Buckland,Buckland,MA,Massachusetts,Franklin,25011,01339,42.592307,-72.7917601,,point,1840029253
Colrain,Colrain,MA,Massachusetts,Franklin,25011,01340,42.6731396,-72.6967587,,point,1840029254
Conway,Conway,MA,Massachusetts,Franklin,25011,01341,42.5098085,-72.6995349,,point,1840029255
Erving,Erving,MA,Massachusetts,Franklin,25011,01344,42.6000863,-72.3981416,,point,1840029256
Gill,Gill,MA,Massachusetts,Franklin,25011,01354,42.6403629,-72.4995325,,point,1840029257
Heath,Heath,MA,Massachusetts,Franklin,25011,01346,42.673417,-72.8217618,,point,1840029258
Leverett,Leverett,MA,Massachusetts,Franklin,25011,01054,42.4520332,-72.5014759,,point,1840029259
Leyden,Leyden,MA,Massachusetts,Franklin,25011,01301,42.7000837,-72.630091,,point,1840029260
Montague,Montague,MA,Massachusetts,Franklin,25011,01351,42.5356426,-72.535088,,point,1840029261
New Salem,New Salem,MA,Massachusetts,Franklin,25011,01355,42.5042551,-72.3320289,,point,1840029262
Rowe,Rowe,MA,Massachusetts,Franklin,25011,01367,42.6934166,-72.899542,,point,1840029263
Shelburne,Shelburne,MA,Massachusetts,Franklin,25011,01370,42.5898074,-72.6884244,,point,1840029264
Sunderland,Sunderland,MA,Massachusetts,Franklin,25011,01375,42.4667546,-72.5786996,,point,1840029265
Warwick,Warwick,MA,Massachusetts,Franklin,25011,01378,42.6820293,-72.3389743,,point,1840029266
Wendell,Wendell,MA,Massachusetts,Franklin,25011,01379,42.5481429,-72.3967524,,point,1840029267
Ashfield,Ashfield,MA,Massachusetts,Franklin,25011,01330,42.5264745,-72.788426,,point,1840029268
Bernardston,Bernardston,MA,Massachusetts,Franklin,25011,01337,42.6709176,-72.5495336,,point,1840029269
Charlemont,Charlemont,MA,Massachusetts,Franklin,25011,01339,42.627862,-72.8698183,,point,1840029270
Hawley,Hawley,MA,Massachusetts,Franklin,25011,01339,42.5645294,-72.8778734,,point,1840029271
Shutesbury,Shutesbury,MA,Massachusetts,Franklin,25011,01072,42.4564779,-72.4098077,,point,1840029272
Forge Village,Forge Village,MA,Massachusetts,Middlesex,25017,01886,42.5800912,-71.4870092,,point,1840029273
Gleasondale,Gleasondale,MA,Massachusetts,Middlesex,25017,01775,42.4062044,-71.5267314,,point,1840029274
Graniteville,Graniteville,MA,Massachusetts,Middlesex,25017,01886,42.5959244,-71.4620087,,point,1840029275
Nabnasset,Nabnasset,MA,Massachusetts,Middlesex,25017,01886,42.6125911,-71.420341,,point,1840029276
South Chelmsford,South Chelmsford,MA,Massachusetts,Middlesex,25017,01824,42.5709254,-71.3758948,,point,1840029277
Hayden Row,Hayden Row,MA,Massachusetts,Middlesex,25017,01748,42.2042625,-71.5106188,,point,1840029278
Woodville,Woodville,MA,Massachusetts,Middlesex,25017,01748,42.237595,-71.5620094,,point,1840029279
North Chelmsford,North Chelmsford,MA,Massachusetts,Middlesex,25017,01863,42.6389798,-71.3828403,,point,1840029280
North Sudbury,North Sudbury,MA,Massachusetts,Middlesex,25017,01776,42.409261,-71.4045055,,point,1840029281
Pine Lake,Pine Lake,MA,Massachusetts,Middlesex,25017,01776,42.3959273,-71.4536737,,point,1840029282
Pine Rest,Pine Rest,MA,Massachusetts,Middlesex,25017,01776,42.3889831,-71.4370064,,point,1840029283
South Acton,South Acton,MA,Massachusetts,Middlesex,25017,01720,42.4584265,-71.453674,,point,1840029284
Tyngsboro,Tyngsboro,MA,Massachusetts,Middlesex,25017,01879,42.6767568,-71.4245085,,point,1840029285
West Acton,West Acton,MA,Massachusetts,Middlesex,25017,01720,42.4750928,-71.474508,,point,1840029286
North Billerica,North Billerica,MA,Massachusetts,Middlesex,25017,01862,42.5834258,-71.2845035,,point,1840029287
Nutting Lake,Nutting Lake,MA,Massachusetts,Middlesex,25017,01821,42.5378713,-71.2689467,,point,1840029288
River Pines,River Pines,MA,Massachusetts,Middlesex,25017,01821,42.5639818,-71.2883922,,point,1840029289
Wamesit,Wamesit,MA,Massachusetts,Middlesex,25017,01876,42.6250919,-71.2633924,,point,1840029290
North Wilmington,North Wilmington,MA,Massachusetts,Middlesex,25017,01887,42.5695379,-71.1564446,,point,1840029291
Silver Lake,Silver Lake,MA,Massachusetts,Middlesex,25017,01876,42.5695377,-71.1911677,,point,1840029292
North Tewksbury,North Tewksbury,MA,Massachusetts,Middlesex,25017,01876,42.6345362,-71.2458921,,point,1840029293
Watertown,Watertown,MA,Massachusetts,Middlesex,25017,02472,42.3709299,-71.1828321,31915,point,1840029294
Acton,Acton,MA,Massachusetts,Middlesex,25017,01720,42.4850931,-71.43284,,point,1840029295
Ashby,Ashby,MA,Massachusetts,Middlesex,25017,01431,42.6778657,-71.8203525,,point,1840029296
Billerica,Billerica,MA,Massachusetts,Middlesex,25017,01821,42.5584264,-71.268947,,point,1840029297
Chelmsford,Chelmsford,MA,Massachusetts,Middlesex,25017,01824,42.5998139,-71.3672838,,point,1840029298
Dracut,Dracut,MA,Massachusetts,Middlesex,25017,01826,42.6703687,-71.3020052,,point,1840029299
Dunstable,Dunstable,MA,Massachusetts,Middlesex,25017,01827,42.6750898,-71.4828433,,point,1840029300
Holliston,Holliston,MA,Massachusetts,Middlesex,25017,01746,42.2000966,-71.4245049,,point,1840029301
North Reading,North Reading,MA,Massachusetts,Middlesex,25017,01864,42.5750939,-71.0786653,,point,1840029302
Sherborn,Sherborn,MA,Massachusetts,Middlesex,25017,01770,42.2389857,-71.3697814,,point,1840029303
Stow,Stow,MA,Massachusetts,Middlesex,25017,01775,42.4370374,-71.5056199,,point,1840029304
Sudbury,Sudbury,MA,Massachusetts,Middlesex,25017,01776,42.3834278,-71.4161725,,point,1840029305
Tewksbury,Tewksbury,MA,Massachusetts,Middlesex,25017,01876,42.6106479,-71.2342248,,point,1840029306
Wayland,Wayland,MA,Massachusetts,Middlesex,25017,01778,42.3625953,-71.3614484,,point,1840029307
Westford,Westford,MA,Massachusetts,Middlesex,25017,01886,42.5792583,-71.4378411,,point,1840029308
Weston,Weston,MA,Massachusetts,Middlesex,25017,02493,42.3667625,-71.3031132,,point,1840029309
Ashland,Ashland,MA,Massachusetts,Middlesex,25017,01721,42.2612067,-71.4633956,,point,1840029310
Bedford,Bedford,MA,Massachusetts,Middlesex,25017,01730,42.4906499,-71.2761686,,point,1840029311
Carlisle,Carlisle,MA,Massachusetts,Middlesex,25017,01741,42.5292597,-71.3495046,,point,1840029312
Concord,Concord,MA,Massachusetts,Middlesex,25017,01742,42.4603719,-71.3489484,,point,1840029313
Lincoln,Lincoln,MA,Massachusetts,Middlesex,25017,01773,42.4259283,-71.3039469,,point,1840029314
Littleton,Littleton,MA,Massachusetts,Middlesex,25017,01460,42.5375917,-71.5120096,,point,1840029315
Natick,Natick,MA,Massachusetts,Middlesex,25017,01760,42.2834298,-71.3495032,,point,1840029316
Still River,Still River,MA,Massachusetts,Worcester,25027,01467,42.4917585,-71.6175677,,point,1840029317
Fayville,Fayville,MA,Massachusetts,Worcester,25027,01745,42.2945391,-71.5056192,,point,1840029318
Southville,Southville,MA,Massachusetts,Worcester,25027,01772,42.2667615,-71.5364533,,point,1840029319
West Upton,West Upton,MA,Massachusetts,Worcester,25027,01568,42.1695401,-71.6203439,,point,1840029320
Ashburnham,Ashburnham,MA,Massachusetts,Worcester,25027,01430,42.636199,-71.907854,,point,1840029321
Bolton,Bolton,MA,Massachusetts,Worcester,25027,01740,42.4334258,-71.6078449,,point,1840029322
Charlton,Charlton,MA,Massachusetts,Worcester,25027,01507,42.13565,-71.970074,,point,1840029323
Dudley,Dudley,MA,Massachusetts,Worcester,25027,01571,42.0450964,-71.930073,,point,1840029324
Holden,Holden,MA,Massachusetts,Worcester,25027,01520,42.3517586,-71.8634062,,point,1840029325
Hubbardston,Hubbardston,MA,Massachusetts,Worcester,25027,01452,42.4737009,-72.0061877,,point,1840029326
Lancaster,Lancaster,MA,Massachusetts,Worcester,25027,01523,42.4556475,-71.6731246,,point,1840029327
Mendon,Mendon,MA,Massachusetts,Worcester,25027,01756,42.1056525,-71.5522859,,point,1840029328
Millbury,Millbury,MA,Massachusetts,Worcester,25027,01527,42.1939835,-71.7600702,,point,1840029329
Millville,Millville,MA,Massachusetts,Worcester,25027,01529,42.0278756,-71.5808973,,point,1840029330
Northbridge,Northbridge,MA,Massachusetts,Worcester,25027,01534,42.1514847,-71.6495113,,point,1840029331
Oakham,Oakham,MA,Massachusetts,Worcester,25027,01068,42.3528688,-72.0453544,,point,1840029332
Princeton,Princeton,MA,Massachusetts,Worcester,25027,01541,42.4487019,-71.877296,,point,1840029333
Southborough,Southborough,MA,Massachusetts,Worcester,25027,01772,42.3056501,-71.5245087,,point,1840029334
Uxbridge,Uxbridge,MA,Massachusetts,Worcester,25027,01569,42.0773192,-71.6295103,,point,1840029335
West Boylston,West Boylston,MA,Massachusetts,Worcester,25027,01583,42.3667589,-71.785627,,point,1840029336
Westminster,Westminster,MA,Massachusetts,Worcester,25027,01473,42.5459227,-71.9106308,,point,1840029337
Auburn,Auburn,MA,Massachusetts,Worcester,25027,01501,42.1945385,-71.8356271,,point,1840029338
Berlin,Berlin,MA,Massachusetts,Worcester,25027,01503,42.381204,-71.6370121,,point,1840029339
Blackstone,Blackstone,MA,Massachusetts,Worcester,25027,01504,42.0178758,-71.5411738,,point,1840029340
Douglas,Douglas,MA,Massachusetts,Worcester,25027,01516,42.0542638,-71.7395136,,point,1840029341
Grafton,Grafton,MA,Massachusetts,Worcester,25027,01519,42.2070392,-71.6856237,,point,1840029342
Hardwick,Hardwick,MA,Massachusetts,Worcester,25027,01037,42.350091,-72.1995245,,point,1840029343
Harvard,Harvard,MA,Massachusetts,Worcester,25027,01451,42.5000919,-71.5828445,,point,1840029344
Leicester,Leicester,MA,Massachusetts,Worcester,25027,01524,42.245926,-71.9086843,,point,1840029345
New Braintree,New Braintree,MA,Massachusetts,Worcester,25027,01531,42.3167581,-72.1259114,,point,1840029346
Paxton,Paxton,MA,Massachusetts,Worcester,25027,01612,42.311203,-71.9281295,,point,1840029347
Phillipston,Phillipston,MA,Massachusetts,Worcester,25027,01331,42.5486993,-72.1328582,,point,1840029348
Royalston,Royalston,MA,Massachusetts,Worcester,25027,01368,42.6775856,-72.1878604,,point,1840029349
Shrewsbury,Shrewsbury,MA,Massachusetts,Worcester,25027,01545,42.2959267,-71.7128471,,point,1840029350
Sterling,Sterling,MA,Massachusetts,Worcester,25027,01564,42.4375916,-71.7606268,,point,1840029351
Sutton,Sutton,MA,Massachusetts,Worcester,25027,01590,42.1500953,-71.7628478,,point,1840029352
Templeton,Templeton,MA,Massachusetts,Worcester,25027,01468,42.555644,-72.067579,,point,1840029353
Easthampton,Easthampton,MA,Massachusetts,Hampshire,25015,01027,42.266757,-72.66898,16053,point,1840029366
Chesterfield,Chesterfield,MA,Massachusetts,Hampshire,25015,01012,42.3917541,-72.8398172,,point,1840029367
Cummington,Cummington,MA,Massachusetts,Hampshire,25015,01026,42.461753,-72.8939848,,point,1840029368
Hadley,Hadley,MA,Massachusetts,Hampshire,25015,01035,42.3417565,-72.5884222,,point,1840029369
Middlefield,Middlefield,MA,Massachusetts,Hampshire,25015,01243,42.3484207,-73.0151011,,point,1840029370
Pelham,Pelham,MA,Massachusetts,Hampshire,25015,01002,42.3931456,-72.4036961,,point,1840029371
Plainfield,Plainfield,MA,Massachusetts,Hampshire,25015,01070,42.5153633,-72.9162075,,point,1840029372
Southampton,Southampton,MA,Massachusetts,Hampshire,25015,01073,42.2292572,-72.7300929,,point,1840029373
South Hadley,South Hadley,MA,Massachusetts,Hampshire,25015,01075,42.2584245,-72.5745332,,point,1840029374
Westhampton,Westhampton,MA,Massachusetts,Hampshire,25015,01027,42.3028667,-72.7745382,,point,1840029375
Williamsburg,Williamsburg,MA,Massachusetts,Hampshire,25015,01096,42.3931434,-72.7300917,,point,1840029376
Goshen,Goshen,MA,Massachusetts,Hampshire,25015,01032,42.4403646,-72.7995377,,point,1840029377
Caryville,Caryville,MA,Massachusetts,Norfolk,25021,02019,42.1334304,-71.4478383,,point,1840029407
Franklin,Franklin,MA,Massachusetts,Norfolk,25021,02038,42.0834313,-71.396725,31635,point,1840029408
North Bellingham,North Bellingham,MA,Massachusetts,Norfolk,25021,02019,42.1209305,-71.4556163,,point,1840029409
West Medway,West Medway,MA,Massachusetts,Norfolk,25021,02053,42.1417639,-71.4245043,,point,1840029410
Clicquot,Clicquot,MA,Massachusetts,Norfolk,25021,02054,42.1714865,-71.3522801,,point,1840029411
Glenridge,Glenridge,MA,Massachusetts,Norfolk,25021,02030,42.2459306,-71.3214465,,point,1840029412
Harding,Harding,MA,Massachusetts,Norfolk,25021,02052,42.2037087,-71.3239461,,point,1840029413
Highland Lake,Highland Lake,MA,Massachusetts,Norfolk,25021,02056,42.1264871,-71.3097782,,point,1840029414
Rockville,Rockville,MA,Massachusetts,Norfolk,25021,02054,42.1406533,-71.3592244,,point,1840029415
South Walpole,South Walpole,MA,Massachusetts,Norfolk,25021,02071,42.1042654,-71.2611652,,point,1840029416
East Walpole,East Walpole,MA,Massachusetts,Norfolk,25021,02032,42.1620431,-71.2106086,,point,1840029417
Islington,Islington,MA,Massachusetts,Norfolk,25021,02090,42.2237097,-71.1897756,,point,1840029418
Brookville,Brookville,MA,Massachusetts,Norfolk,25021,02343,42.1251,-71.0092126,,point,1840029419
North Cohasset,North Cohasset,MA,Massachusetts,Norfolk,25021,02025,42.2584337,-70.8425445,,point,1840029420
Beechwood,Beechwood,MA,Massachusetts,Norfolk,25021,02025,42.2098231,-70.818932,,point,1840029421
Black Rock,Black Rock,MA,Massachusetts,Norfolk,25021,02025,42.2437117,-70.8286551,,point,1840029422
Avon,Avon,MA,Massachusetts,Norfolk,25021,02322,42.1306554,-71.0411582,,point,1840029423
Cohasset,Cohasset,MA,Massachusetts,Norfolk,25021,02025,42.2417675,-70.8036544,,point,1840029424
Millis,Millis,MA,Massachusetts,Norfolk,25021,02054,42.1675975,-71.3578357,,point,1840029425
Norfolk,Norfolk,MA,Massachusetts,Norfolk,25021,02056,42.1195426,-71.3250564,,point,1840029426
Plainville,Plainville,MA,Massachusetts,Norfolk,25021,02762,42.0042656,-71.3328331,,point,1840029427
Stoughton,Stoughton,MA,Massachusetts,Norfolk,25021,02072,42.1250995,-71.1022712,,point,1840029428
Westwood,Westwood,MA,Massachusetts,Norfolk,25021,02090,42.2139873,-71.2244987,,point,1840029429
Wrentham,Wrentham,MA,Massachusetts,Norfolk,25021,02093,42.0667652,-71.3281114,,point,1840029430
Canton,Canton,MA,Massachusetts,Norfolk,25021,02021,42.1584324,-71.1447732,,point,1840029431
Medway,Medway,MA,Massachusetts,Norfolk,25021,02053,42.1417641,-71.3967256,,point,1840029432
Agawam,Agawam,MA,Massachusetts,Hampden,25013,01001,42.0695391,-72.6148117,28438,point,1840029433
Bondsville,Bondsville,MA,Massachusetts,Hampden,25013,01009,42.2125929,-72.3453601,,point,1840029434
East Longmeadow,East Longmeadow,MA,Massachusetts,Hampden,25013,01028,42.0645396,-72.5125863,,point,1840029435
Granville,Granville,MA,Massachusetts,Hampden,25013,01034,42.0667605,-72.8614874,,point,1840029436
Hampden,Hampden,MA,Massachusetts,Hampden,25013,01036,42.0639841,-72.4134168,,point,1840029437
Ludlow,Ludlow,MA,Massachusetts,Hampden,25013,01056,42.1600936,-72.475919,,point,1840029438
Monson,Monson,MA,Massachusetts,Hampden,25013,01057,42.1042612,-72.3189699,2107,point,1840029439
Montgomery,Montgomery,MA,Massachusetts,Hampden,25013,01085,42.2067573,-72.8050955,,point,1840029440
Southwick,Southwick,MA,Massachusetts,Hampden,25013,01077,42.0548167,-72.7703724,,point,1840029441
Brimfield,Brimfield,MA,Massachusetts,Hampden,25013,01010,42.1228721,-72.2009117,,point,1840029442
Wales,Wales,MA,Massachusetts,Hampden,25013,01081,42.0695394,-72.2223007,,point,1840029443
Accord,Accord,MA,Massachusetts,Plymouth,25023,02061,42.1745451,-70.8836552,,point,1840029444
Liberty Plain,Liberty Plain,MA,Massachusetts,Plymouth,25023,02043,42.1889895,-70.882822,,point,1840029445
North Abington,North Abington,MA,Massachusetts,Plymouth,25023,02351,42.1292671,-70.9494891,,point,1840029446
West Hanover,West Hanover,MA,Massachusetts,Plymouth,25023,02339,42.1195454,-70.8828208,,point,1840029447
Assinippi,Assinippi,MA,Massachusetts,Plymouth,25023,02061,42.1584343,-70.8508764,,point,1840029448
Egypt,Egypt,MA,Massachusetts,Plymouth,25023,02066,42.2126013,-70.7583751,,point,1840029449
Greenbush,Greenbush,MA,Massachusetts,Plymouth,25023,02066,42.1792683,-70.7494856,,point,1840029450
Minot,Minot,MA,Massachusetts,Plymouth,25023,02066,42.2403789,-70.7619867,,point,1840029451
North Hanover,North Hanover,MA,Massachusetts,Plymouth,25023,02339,42.1459342,-70.8675432,,point,1840029452
North Marshfield,North Marshfield,MA,Massachusetts,Plymouth,25023,02050,42.1431573,-70.7703188,,point,1840029453
Hanover Center,Hanover Center,MA,Massachusetts,Plymouth,25023,02339,42.116768,-70.8411533,,point,1840029454
Standish,Standish,MA,Massachusetts,Plymouth,25023,02050,42.1070464,-70.7550403,,point,1840029455
Brant Rock,Brant Rock,MA,Massachusetts,Plymouth,25023,02050,42.0862136,-70.6411476,,point,1840029456
Green Harbor,Green Harbor,MA,Massachusetts,Plymouth,25023,02050,42.0778804,-70.649481,,point,1840029457
Humarock,Humarock,MA,Massachusetts,Plymouth,25023,02047,42.1362131,-70.6900388,,point,1840029458
Kent Park,Kent Park,MA,Massachusetts,Plymouth,25023,02050,42.1084355,-70.6897605,,point,1840029459
Marshfield Center,Marshfield Center,MA,Massachusetts,Plymouth,25023,02050,42.1167688,-70.7161504,,point,1840029460
Ocean Bluff,Ocean Bluff,MA,Massachusetts,Plymouth,25023,02050,42.0973246,-70.6536482,,point,1840029461
Rexhame,Rexhame,MA,Massachusetts,Plymouth,25023,02050,42.1139911,-70.6744824,,point,1840029462
Shore Acres,Shore Acres,MA,Massachusetts,Plymouth,25023,02066,42.2145458,-70.7383746,,point,1840029463
White Horse Beach,White Horse Beach,MA,Massachusetts,Plymouth,25023,02360,41.9309375,-70.5578093,,point,1840029464
Carver,Carver,MA,Massachusetts,Plymouth,25023,02330,41.8834363,-70.7625376,,point,1840029465
East Bridgewater,East Bridgewater,MA,Massachusetts,Plymouth,25023,02333,42.0334341,-70.9592096,,point,1840029466
Halifax,Halifax,MA,Massachusetts,Plymouth,25023,02338,41.991213,-70.861985,,point,1840029467
Hanover,Hanover,MA,Massachusetts,Plymouth,25023,02339,42.1131572,-70.8119859,,point,1840029468
Lakeville,Lakeville,MA,Massachusetts,Plymouth,25023,02347,41.8459353,-70.9494854,,point,1840029469
Marion,Marion,MA,Massachusetts,Plymouth,25023,02738,41.7001043,-70.7628129,1111,point,1840029470
Norwell,Norwell,MA,Massachusetts,Plymouth,25023,02061,42.1617681,-70.7939307,,point,1840029471
Pembroke,Pembroke,MA,Massachusetts,Plymouth,25023,02359,42.0714907,-70.8092074,,point,1840029472
Rochester,Rochester,MA,Massachusetts,Plymouth,25023,02770,41.7317701,-70.8200371,,point,1840029473
Rockland,Rockland,MA,Massachusetts,Plymouth,25023,02370,42.1306563,-70.9161551,,point,1840029474
Wareham,Wareham,MA,Massachusetts,Plymouth,25023,02571,41.7626037,-70.7217017,2896,point,1840029475
West Bridgewater,West Bridgewater,MA,Massachusetts,Plymouth,25023,02379,42.0189894,-71.0078215,,point,1840029476
Whitman,Whitman,MA,Massachusetts,Plymouth,25023,02382,42.0806564,-70.935599,,point,1840029477
Mattapoisett,Mattapoisett,MA,Massachusetts,Plymouth,25023,02739,41.658438,-70.8161468,2915,point,1840029478
Plympton,Plympton,MA,Massachusetts,Plymouth,25023,02367,41.9528802,-70.8144837,,point,1840029479
South Westport,South Westport,MA,Massachusetts,Bristol,25005,02790,41.570937,-71.0578192,,point,1840029503
South Dartmouth,South Dartmouth,MA,Massachusetts,Bristol,25005,02748,41.5917712,-70.9411491,,point,1840029504
Dighton,Dighton,MA,Massachusetts,Bristol,25005,02715,41.8139905,-71.1203229,,point,1840029505
Fairhaven,Fairhaven,MA,Massachusetts,Bristol,25005,02719,41.6376043,-70.9036487,,point,1840029506
Mansfield,Mansfield,MA,Massachusetts,Bristol,25005,02048,42.0334326,-71.2189405,7360,point,1840029507
Raynham,Raynham,MA,Massachusetts,Bristol,25005,02767,41.9487118,-71.0731008,,point,1840029508
Seekonk,Seekonk,MA,Massachusetts,Bristol,25005,02771,41.808434,-71.3369973,,point,1840029509
Berkley,Berkley,MA,Massachusetts,Bristol,25005,02779,41.8459347,-71.0828222,,point,1840029510
Easton,Easton,MA,Massachusetts,Bristol,25005,02375,42.0245442,-71.1286594,,point,1840029511
Norton,Norton,MA,Massachusetts,Bristol,25005,02766,41.9667666,-71.1869939,2671,point,1840029512
Rehoboth,Rehoboth,MA,Massachusetts,Bristol,25005,02769,41.8403786,-71.2494938,,point,1840029513
Swansea,Swansea,MA,Massachusetts,Bristol,25005,02777,41.7481575,-71.1897684,,point,1840029514
Cotuit,Cotuit,MA,Massachusetts,Barnstable,25001,02635,41.6167766,-70.4369703,,point,1840029515
Marstons Mills,Marstons Mills,MA,Massachusetts,Barnstable,25001,02648,41.6562204,-70.4161364,,point,1840029516
Osterville,Osterville,MA,Massachusetts,Barnstable,25001,02655,41.6284436,-70.3869687,,point,1840029517
Barnstable,Barnstable,MA,Massachusetts,Barnstable,25001,02630,41.7001095,-70.2994664,,point,1840029518
Centerville,Centerville,MA,Massachusetts,Barnstable,25001,02632,41.6487214,-70.3480787,,point,1840029519
West Barnstable,West Barnstable,MA,Massachusetts,Barnstable,25001,02668,41.7056643,-70.3744686,,point,1840029520
North Truro,North Truro,MA,Massachusetts,Barnstable,25001,02652,42.0334364,-70.0953025,,point,1840029521
Harwich,Harwich,MA,Massachusetts,Barnstable,25001,02645,41.6862224,-70.0758508,1798,point,1840029522
Mashpee,Mashpee,MA,Massachusetts,Barnstable,25001,02649,41.6484421,-70.4811383,,point,1840029523
Truro,Truro,MA,Massachusetts,Barnstable,25001,02666,41.993437,-70.0497457,,point,1840029524
Wellfleet,Wellfleet,MA,Massachusetts,Barnstable,25001,02667,41.9376051,-70.0327996,,point,1840029525
Yarmouth,Yarmouth,MA,Massachusetts,Barnstable,25001,02675,41.7056656,-70.2286314,,point,1840029526
Hyannis,Hyannis,MA,Massachusetts,Barnstable,25001,02601,41.6528887,-70.2827989,,point,1840029527
Eastham,Eastham,MA,Massachusetts,Barnstable,25001,02642,41.8301081,-69.973907,,point,1840029528
Chilmark,Chilmark,MA,Massachusetts,Dukes,25007,02535,41.3431688,-70.7447501,,point,1840029601
West Tisbury,West Tisbury,MA,Massachusetts,Dukes,25007,02575,41.3812245,-70.6744723,,point,1840029602
Edgartown,Edgartown,MA,Massachusetts,Dukes,25007,02539,41.3890052,-70.5133599,,point,1840029603
Oak Bluffs,Oak Bluffs,MA,Massachusetts,Dukes,25007,02557,41.4542793,-70.5619724,,point,1840029604
North Stratford,North Stratford,NH,New Hampshire,Coos,33007,03590,44.7517161,-71.6287001,,point,1840031441
Twin Mountain,Twin Mountain,NH,New Hampshire,Coos,33007,03595,44.2722856,-71.53897,,point,1840031442
Stewartstown,Stewartstown,NH,New Hampshire,Coos,33007,03597,45.0061572,-71.5078617,,point,1840031443
Pittsburg,Pittsburg,NH,New Hampshire,Coos,33007,03592,45.0511571,-71.3914688,,point,1840031444
Carroll,Carroll,NH,New Hampshire,Coos,33007,03595,44.298396,-71.540637,,point,1840031445
Dalton,Dalton,NH,New Hampshire,Coos,33007,03598,44.4158924,-71.6948098,,point,1840031446
Errol,Errol,NH,New Hampshire,Coos,33007,03579,44.7814393,-71.1378558,,point,1840031447
Jefferson,Jefferson,NH,New Hampshire,Coos,33007,03583,44.4189486,-71.4745254,,point,1840031448
Milan,Milan,NH,New Hampshire,Coos,33007,03588,44.5733885,-71.185078,,point,1840031449
Northumberland,Northumberland,NH,New Hampshire,Coos,33007,03584,44.5633886,-71.558696,,point,1840031450
Randolph,Randolph,NH,New Hampshire,Coos,33007,03593,44.3753393,-71.2797985,,point,1840031451
Shelburne,Shelburne,NH,New Hampshire,Coos,33007,03581,44.4011722,-71.0747975,,point,1840031452
Stark,Stark,NH,New Hampshire,Coos,33007,03582,44.6006095,-71.406193,,point,1840031453
Stratford,Stratford,NH,New Hampshire,Coos,33007,03590,44.6550523,-71.5556414,,point,1840031454
Alexandria,Alexandria,NH,New Hampshire,Grafton,33009,03222,43.6159066,-71.8284142,,point,1840031508
Bath,Bath,NH,New Hampshire,Grafton,33009,03740,44.1670079,-71.9662009,,point,1840031509
Benton,Benton,NH,New Hampshire,Grafton,33009,03785,44.1031205,-71.9017538,,point,1840031510
Bridgewater,Bridgewater,NH,New Hampshire,Grafton,33009,03222,43.6384067,-71.7364678,,point,1840031511
Dorchester,Dorchester,NH,New Hampshire,Grafton,33009,03266,43.7567382,-71.9486943,,point,1840031512
Easton,Easton,NH,New Hampshire,Grafton,33009,03580,44.1461756,-71.7900859,,point,1840031513
Ellsworth,Ellsworth,NH,New Hampshire,Grafton,33009,03223,43.8739586,-71.7364691,,point,1840031514
Franconia,Franconia,NH,New Hampshire,Grafton,33009,03580,44.2270075,-71.7478646,,point,1840031515
Grafton,Grafton,NH,New Hampshire,Grafton,33009,03240,43.5586845,-71.9439721,,point,1840031516
Groton,Groton,NH,New Hampshire,Grafton,33009,03241,43.701739,-71.8356365,,point,1840031517
Haverhill,Haverhill,NH,New Hampshire,Grafton,33009,03765,44.0345102,-72.0639782,4697,point,1840031518
Hebron,Hebron,NH,New Hampshire,Grafton,33009,03241,43.6939614,-71.8056359,,point,1840031519
Holderness,Holderness,NH,New Hampshire,Grafton,33009,03245,43.7320175,-71.5884095,,point,1840031520
Lyme,Lyme,NH,New Hampshire,Grafton,33009,03768,43.8095143,-72.1559219,,point,1840031521
Monroe,Monroe,NH,New Hampshire,Grafton,33009,03771,44.2603393,-72.0548156,,point,1840031522
Orange,Orange,NH,New Hampshire,Grafton,33009,03741,43.6545168,-71.9714725,,point,1840031523
Piermont,Piermont,NH,New Hampshire,Grafton,33009,03779,43.9697892,-72.0806443,,point,1840031524
Rumney,Rumney,NH,New Hampshire,Grafton,33009,03266,43.8053486,-71.8125811,,point,1840031525
Thornton,Thornton,NH,New Hampshire,Grafton,33009,03285,43.8928475,-71.6759125,,point,1840031526
Warren,Warren,NH,New Hampshire,Grafton,33009,03279,43.9231239,-71.8920283,,point,1840031527
Waterville Valley,Waterville Valley,NH,New Hampshire,Grafton,33009,03215,43.9500695,-71.4995204,,point,1840031528
Wentworth,Wentworth,NH,New Hampshire,Grafton,33009,03282,43.8717359,-71.9142504,,point,1840031529
Woodstock,Woodstock,NH,New Hampshire,Grafton,33009,03262,43.9775681,-71.6850802,,point,1840031530
Glen,Glen,NH,New Hampshire,Carroll,33003,03838,44.1100686,-71.182572,,point,1840031531
Albany,Albany,NH,New Hampshire,Carroll,33003,03849,43.9578493,-71.1675703,,point,1840031532
Brookfield,Brookfield,NH,New Hampshire,Carroll,33003,03872,43.558968,-71.0653437,,point,1840031533
Chatham,Chatham,NH,New Hampshire,Carroll,33003,03813,44.1645116,-71.0111824,,point,1840031534
Effingham,Effingham,NH,New Hampshire,Carroll,33003,03882,43.7611873,-70.996455,,point,1840031535
Freedom,Freedom,NH,New Hampshire,Carroll,33003,03836,43.8122971,-71.0356228,,point,1840031536
Jackson,Jackson,NH,New Hampshire,Carroll,33003,03846,44.1442347,-71.1809056,,point,1840031537
Madison,Madison,NH,New Hampshire,Carroll,33003,03849,43.8992395,-71.1484029,,point,1840031538
Moultonborough,Moultonborough,NH,New Hampshire,Carroll,33003,03254,43.7547966,-71.3967392,,point,1840031539
Ossipee,Ossipee,NH,New Hampshire,Carroll,33003,03864,43.685355,-71.1167341,,point,1840031540
Sandwich,Sandwich,NH,New Hampshire,Carroll,33003,03227,43.7903513,-71.4111842,,point,1840031541
Tamworth,Tamworth,NH,New Hampshire,Carroll,33003,03886,43.8597958,-71.2631263,,point,1840031542
Tuftonboro,Tuftonboro,NH,New Hampshire,Carroll,33003,03816,43.6964657,-71.2220134,,point,1840031543
Wakefield,Wakefield,NH,New Hampshire,Carroll,33003,03872,43.5681347,-71.0300656,,point,1840031544
Winona,Winona,NH,New Hampshire,Belknap,33001,03256,43.6661853,-71.558131,,point,1840031591
Barnstead,Barnstead,NH,New Hampshire,Belknap,33001,03218,43.3339692,-71.2928447,,point,1840031592
Gilford,Gilford,NH,New Hampshire,Belknap,33001,03249,43.5475771,-71.4067385,,point,1840031593
Gilmanton,Gilmanton,NH,New Hampshire,Belknap,33001,03237,43.4242454,-71.4145155,,point,1840031594
Sanbornton,Sanbornton,NH,New Hampshire,Belknap,33001,03269,43.4892431,-71.5822978,,point,1840031595
Tilton,Tilton,NH,New Hampshire,Belknap,33001,03276,43.4422993,-71.5889641,,point,1840031596
North Sutton,North Sutton,NH,New Hampshire,Merrimack,33013,03260,43.3639646,-71.9395269,,point,1840031601
Andover,Andover,NH,New Hampshire,Merrimack,33013,03216,43.4370198,-71.8234138,,point,1840031602
Boscawen,Boscawen,NH,New Hampshire,Merrimack,33013,03303,43.3150786,-71.6209083,,point,1840031603
Canterbury,Canterbury,NH,New Hampshire,Merrimack,33013,03224,43.3370233,-71.5653515,,point,1840031604
Chichester,Chichester,NH,New Hampshire,Merrimack,33013,03258,43.2492477,-71.399791,,point,1840031605
Danbury,Danbury,NH,New Hampshire,Merrimack,33013,03230,43.5256297,-71.8617482,,point,1840031606
Epsom,Epsom,NH,New Hampshire,Merrimack,33013,03234,43.2228592,-71.3320111,,point,1840031607
Hill,Hill,NH,New Hampshire,Merrimack,33013,03243,43.5242417,-71.7009115,,point,1840031608
Hopkinton,Hopkinton,NH,New Hampshire,Merrimack,33013,03229,43.1914688,-71.675353,,point,1840031609
Newbury,Newbury,NH,New Hampshire,Merrimack,33013,03255,43.3214646,-72.0359175,,point,1840031610
Northfield,Northfield,NH,New Hampshire,Merrimack,33013,03276,43.4331328,-71.5922975,,point,1840031611
Pembroke,Pembroke,NH,New Hampshire,Merrimack,33013,03275,43.1467489,-71.4575689,,point,1840031612
Salisbury,Salisbury,NH,New Hampshire,Merrimack,33013,03268,43.3800768,-71.7170222,,point,1840031613
Sutton,Sutton,NH,New Hampshire,Merrimack,33013,03221,43.3342427,-71.9514714,,point,1840031614
Webster,Webster,NH,New Hampshire,Merrimack,33013,03303,43.3289663,-71.7178552,,point,1840031615
Wilmot,Wilmot,NH,New Hampshire,Merrimack,33013,03287,43.4517414,-71.9136936,,point,1840031616
Georges Mills,Georges Mills,NH,New Hampshire,Sullivan,33019,03751,43.4317408,-72.0673079,,point,1840031617
Acworth,Acworth,NH,New Hampshire,Sullivan,33019,03601,43.2178539,-72.2920317,,point,1840031618
Croydon,Croydon,NH,New Hampshire,Sullivan,33019,03773,43.4506289,-72.1631435,,point,1840031619
Goshen,Goshen,NH,New Hampshire,Sullivan,33019,03752,43.3011865,-72.1478637,,point,1840031620
Grantham,Grantham,NH,New Hampshire,Sullivan,33019,03753,43.4895173,-72.1375878,,point,1840031621
Langdon,Langdon,NH,New Hampshire,Sullivan,33019,03602,43.1670215,-72.3795322,,point,1840031622
Lempster,Lempster,NH,New Hampshire,Sullivan,33019,03605,43.2384093,-72.2106419,,point,1840031623
Springfield,Springfield,NH,New Hampshire,Sullivan,33019,03284,43.4950735,-72.0334187,,point,1840031624
Sunapee,Sunapee,NH,New Hampshire,Sullivan,33019,03782,43.3875746,-72.0878634,,point,1840031625
Unity,Unity,NH,New Hampshire,Sullivan,33019,03773,43.2939638,-72.2603655,,point,1840031626
Washington,Washington,NH,New Hampshire,Sullivan,33019,03280,43.1759108,-72.0967507,,point,1840031627
Barrington,Barrington,NH,New Hampshire,Strafford,33017,03825,43.2228599,-71.0470077,,point,1840031628
Lee,Lee,NH,New Hampshire,Strafford,33017,03861,43.1231401,-71.0114497,,point,1840031629
Madbury,Madbury,NH,New Hampshire,Strafford,33017,03820,43.1692512,-70.9239484,,point,1840031630
New Durham,New Durham,NH,New Hampshire,Strafford,33017,03855,43.4367466,-71.1722886,,point,1840031631
Rollinsford,Rollinsford,NH,New Hampshire,Strafford,33017,03869,43.2361957,-70.8203355,,point,1840031632
Strafford,Strafford,NH,New Hampshire,Strafford,33017,03225,43.3270251,-71.184232,,point,1840031633
Rye Beach,Rye Beach,NH,New Hampshire,Rockingham,33015,03870,42.9767568,-70.7656074,,point,1840031671
Atkinson,Atkinson,NH,New Hampshire,Rockingham,33015,03811,42.8384221,-71.1470037,,point,1840031672
Auburn,Auburn,NH,New Hampshire,Rockingham,33015,03032,43.0045289,-71.348398,,point,1840031673
Brentwood,Brentwood,NH,New Hampshire,Rockingham,33015,03833,42.9786981,-71.0728369,,point,1840031674
Candia,Candia,NH,New Hampshire,Rockingham,33015,03034,43.0778615,-71.2767305,,point,1840031675
Chester,Chester,NH,New Hampshire,Rockingham,33015,03036,42.9567525,-71.2572846,,point,1840031676
Danville,Danville,NH,New Hampshire,Rockingham,33015,03819,42.9125877,-71.124504,,point,1840031677
Deerfield,Deerfield,NH,New Hampshire,Rockingham,33015,03037,43.146194,-71.2164524,,point,1840031678
East Kingston,East Kingston,NH,New Hampshire,Rockingham,33015,03827,42.925644,-71.0167243,,point,1840031679
Fremont,Fremont,NH,New Hampshire,Rockingham,33015,03044,42.9909194,-71.1425606,,point,1840031680
Greenland,Greenland,NH,New Hampshire,Rockingham,33015,03840,43.0361995,-70.8328322,,point,1840031681
Hampstead,Hampstead,NH,New Hampshire,Rockingham,33015,03841,42.8745323,-71.1811714,,point,1840031682
Hampton Falls,Hampton Falls,NH,New Hampshire,Rockingham,33015,03844,42.9162011,-70.8636648,,point,1840031683
Kensington,Kensington,NH,New Hampshire,Rockingham,33015,03833,42.9270334,-70.9439447,,point,1840031684
Kingston,Kingston,NH,New Hampshire,Rockingham,33015,03848,42.9364768,-71.0533918,,point,1840031685
New Castle,New Castle,NH,New Hampshire,Rockingham,33015,03854,43.0723112,-70.7161635,,point,1840031686
Newington,Newington,NH,New Hampshire,Rockingham,33015,03801,43.1000871,-70.8336668,,point,1840031687
Newton,Newton,NH,New Hampshire,Rockingham,33015,03858,42.8695335,-71.0345018,,point,1840031688
North Hampton,North Hampton,NH,New Hampshire,Rockingham,33015,03862,42.9725895,-70.8297757,,point,1840031689
Northwood,Northwood,NH,New Hampshire,Rockingham,33015,03261,43.194249,-71.1508969,,point,1840031690
Nottingham,Nottingham,NH,New Hampshire,Rockingham,33015,03290,43.1145285,-71.099784,,point,1840031691
Plaistow,Plaistow,NH,New Hampshire,Rockingham,33015,03865,42.8364781,-71.0947805,,point,1840031692
Rye,Rye,NH,New Hampshire,Rockingham,33015,03870,43.0134228,-70.7708858,,point,1840031693
Salem,Salem,NH,New Hampshire,Rockingham,33015,03079,42.7884226,-71.2008933,,point,1840031694
Sandown,Sandown,NH,New Hampshire,Rockingham,33015,03873,42.928698,-71.1870053,,point,1840031695
Seabrook,Seabrook,NH,New Hampshire,Rockingham,33015,03874,42.8948124,-70.8711648,,point,1840031696
South Hampton,South Hampton,NH,New Hampshire,Rockingham,33015,03827,42.8809229,-70.9625559,,point,1840031697
Stratham,Stratham,NH,New Hampshire,Rockingham,33015,03885,43.0239766,-70.9136675,,point,1840031698
Windham,Windham,NH,New Hampshire,Rockingham,33015,03087,42.8006441,-71.304229,,point,1840031699
Bedford,Bedford,NH,New Hampshire,Hillsborough,33011,03110,42.9464737,-71.5159015,,point,1840031703
Brookline,Brookline,NH,New Hampshire,Hillsborough,33011,03033,42.7348102,-71.6581267,,point,1840031704
Deering,Deering,NH,New Hampshire,Hillsborough,33011,03244,43.0731364,-71.8445228,,point,1840031705
Francestown,Francestown,NH,New Hampshire,Hillsborough,33011,03043,42.9875825,-71.8125769,,point,1840031706
Greenfield,Greenfield,NH,New Hampshire,Hillsborough,33011,03047,42.9506384,-71.8723003,,point,1840031707
Hollis,Hollis,NH,New Hampshire,Hillsborough,33011,03049,42.7431438,-71.5917359,,point,1840031708
Litchfield,Litchfield,NH,New Hampshire,Hillsborough,33011,03052,42.8442536,-71.4797889,,point,1840031709
Lyndeborough,Lyndeborough,NH,New Hampshire,Hillsborough,33011,03082,42.9075843,-71.7664642,,point,1840031710
Mason,Mason,NH,New Hampshire,Hillsborough,33011,03048,42.7436984,-71.7689631,,point,1840031711
Mont Vernon,Mont Vernon,NH,New Hampshire,Hillsborough,33011,03057,42.8945294,-71.6742393,,point,1840031712
New Boston,New Boston,NH,New Hampshire,Hillsborough,33011,03070,42.9761945,-71.6939626,,point,1840031713
New Ipswich,New Ipswich,NH,New Hampshire,Hillsborough,33011,03071,42.7481421,-71.8542429,,point,1840031714
Pelham,Pelham,NH,New Hampshire,Hillsborough,33011,03076,42.734534,-71.3245067,,point,1840031715
Sharon,Sharon,NH,New Hampshire,Hillsborough,33011,03458,42.8131405,-71.9156337,,point,1840031716
Temple,Temple,NH,New Hampshire,Hillsborough,33011,03084,42.8181409,-71.8514655,,point,1840031717
Weare,Weare,NH,New Hampshire,Hillsborough,33011,03281,43.0948033,-71.7306314,,point,1840031718
Alstead,Alstead,NH,New Hampshire,Cheshire,33005,03602,43.1489663,-72.3606431,,point,1840031723
Chesterfield,Chesterfield,NH,New Hampshire,Cheshire,33005,03443,42.8873038,-72.4703661,,point,1840031724
Dublin,Dublin,NH,New Hampshire,Cheshire,33005,03444,42.9075823,-72.0625817,,point,1840031725
Fitzwilliam,Fitzwilliam,NH,New Hampshire,Cheshire,33005,03447,42.7806396,-72.141749,,point,1840031726
Gilsum,Gilsum,NH,New Hampshire,Cheshire,33005,03448,43.0484123,-72.2628635,,point,1840031727
Harrisville,Harrisville,NH,New Hampshire,Cheshire,33005,03450,42.9450815,-72.0964713,,point,1840031728
Marlow,Marlow,NH,New Hampshire,Cheshire,33005,03456,43.1159114,-72.1970297,,point,1840031729
Nelson,Nelson,NH,New Hampshire,Cheshire,33005,03457,42.9906361,-72.1309166,,point,1840031730
Richmond,Richmond,NH,New Hampshire,Cheshire,33005,03470,42.7548059,-72.2717512,,point,1840031731
Rindge,Rindge,NH,New Hampshire,Cheshire,33005,03461,42.7511964,-72.0098021,,point,1840031732
Stoddard,Stoddard,NH,New Hampshire,Cheshire,33005,03464,43.0786902,-72.1145281,,point,1840031733
Sullivan,Sullivan,NH,New Hampshire,Cheshire,33005,03445,43.0131353,-72.2209182,,point,1840031734
Surry,Surry,NH,New Hampshire,Cheshire,33005,03431,43.0178575,-72.3211975,,point,1840031735
Swanzey,Swanzey,NH,New Hampshire,Cheshire,33005,03446,42.8698041,-72.2817518,,point,1840031736
Westmoreland,Westmoreland,NH,New Hampshire,Cheshire,33005,03467,42.9620253,-72.4423102,,point,1840031737
Esmond,Esmond,RI,Rhode Island,Providence,44007,02917,41.8723579923,-71.4944594301,,point,1840033758
Manville,Manville,RI,Rhode Island,Providence,44007,02838,41.9698726503,-71.4736856726,,point,1840033759
Smithfield,Smithfield,RI,Rhode Island,Providence,44007,02917,41.9000991,-71.5328396,,point,1840033760
Cumberland,Cumberland,RI,Rhode Island,Providence,44007,02864,41.9667656,-71.4328363,,point,1840033761
North Foster,North Foster,RI,Rhode Island,Providence,44007,02825,41.83149904,-71.7506442079,,point,1840033762
Warren,Warren,RI,Rhode Island,Bristol,44001,02885,41.7303794,-71.2825494,,point,1840033811
Bristol,Bristol,RI,Rhode Island,Bristol,44001,02809,41.6770463,-71.2661597,,point,1840033812
Barrington,Barrington,RI,Rhode Island,Bristol,44001,02806,41.740657,-71.3086618,,point,1840033813
Washington,Washington,RI,Rhode Island,Kent,44003,02816,41.6884529974,-71.5667724187,,point,1840033814
West Warwick,West Warwick,RI,Rhode Island,Kent,44003,02893,41.7062115,-71.5231165,,point,1840033815
Coventry Center,Coventry Center,RI,Rhode Island,Kent,44003,02827,41.6999900388,-71.6829963215,,point,1840033816
East Greenwich,East Greenwich,RI,Rhode Island,Kent,44003,02818,41.6603788,-71.4558911,,point,1840033817
Jamestown,Jamestown,RI,Rhode Island,Newport,44005,02835,41.4970465,-71.3672755,,point,1840033826
Little Compton,Little Compton,RI,Rhode Island,Newport,44005,02837,41.5101032,-71.1711563,,point,1840033827
Middletown,Middletown,RI,Rhode Island,Newport,44005,02842,41.5456578,-71.2914388,,point,1840033828
Portsmouth,Portsmouth,RI,Rhode Island,Newport,44005,02871,41.6023245,-71.2503257,,point,1840033829
West Kingston,West Kingston,RI,Rhode Island,Washington,44009,02892,41.4831567,-71.5514497,,point,1840033830
Wakefield,Wakefield,RI,Rhode Island,Washington,44009,02879,41.437324,-71.5014469,,point,1840033831
New Shoreham,New Shoreham,RI,Rhode Island,Washington,44009,02807,41.1723258,-71.5578329,,point,1840033832
Charlestown,Charlestown,RI,Rhode Island,Washington,44009,02813,41.3831566,-71.641729,,point,1840033833
Exeter,Exeter,RI,Rhode Island,Washington,44009,02822,41.5776008,-71.537561,,point,1840033834
Belleville,Belleville,RI,Rhode Island,Washington,44009,02852,41.5541292683,-71.4686429045,,point,1840033835
Hopkinton,Hopkinton,RI,Rhode Island,Washington,44009,02833,41.4612105,-71.7775687,,point,1840033836
Guildhall,Guildhall,NH,New Hampshire,Coos,33007,05905,44.5650552,-71.5598072,,point,1840035162
Amesbury,Amesbury,MA,Massachusetts,Essex,25009,01913,42.8584235,-70.9300548,16283,point,1840037206
Whately,Whately,MA,Massachusetts,Franklin,25011,01093,42.4398101,-72.6348118,,point,1840037239
Greenfield,Greenfield,MA,Massachusetts,Franklin,25011,01301,42.5875857,-72.5995339,17456,point,1840037240
Southbridge,Southbridge,MA,Massachusetts,Worcester,25027,01550,42.0750954,-72.0334084,16719,point,1840037241
Winthrop,Winthrop,MA,Massachusetts,Suffolk,25025,02152,42.3750976,-70.982827,17497,point,1840037254
Braintree,Braintree,MA,Massachusetts,Norfolk,25021,02184,42.2223218,-70.999492,,point,1840037273
Weymouth,Weymouth,MA,Massachusetts,Norfolk,25021,02188,42.2209333,-70.9397684,,point,1840037274
Palmer,Palmer,MA,Massachusetts,Hampden,25013,01069,42.158427,-72.3286928,12140,point,1840037275
Three Rivers,Three Rivers,MA,Massachusetts,Hampden,25013,01080,42.1812045,-72.3606382,,point,1840037276
Acushnet,Acushnet,MA,Massachusetts,Bristol,25005,02743,41.6806593,-70.907816,3073,point,1840037286
North Haverhill,North Haverhill,NH,New Hampshire,Grafton,33009,03774,44.0903425,-72.0264783,,point,1840038009
Merrimack,Merrimack,NH,New Hampshire,Hillsborough,33011,03054,42.868142,-71.4834002,4197,point,1840038071
North Attleborough,North Attleborough,MA,Massachusetts,Bristol,25005,02760,41.9840505432,-71.333029548,28712,point,1840038137
Georgiaville,Georgiaville,RI,Rhode Island,Providence,44007,02917,41.8870920383,-71.5084474917,,point,1840038143
Centredale,Centredale,RI,Rhode Island,Providence,44007,02911,41.856491677,-71.4786895806,,point,1840038144
Union Village,Union Village,RI,Rhode Island,Providence,44007,02896,41.9912760329,-71.5391840564,,point,1840038145
Saunderstown,Saunderstown,RI,Rhode Island,Washington,44009,02874,41.5079053848,-71.4244870101,,point,1840038146
